goods_id,title,price,date,timestamp
777175,系绳匕首（★ StatTrak™） | 表面淬火 (略有磨损),¥ 4500,2025-07-09,2025-07-19 11:37:11
777175,系绳匕首（★ StatTrak™） | 表面淬火 (略有磨损),¥ 1760,2025-07-02,2025-07-19 11:37:11
777175,系绳匕首（★ StatTrak™） | 表面淬火 (略有磨损),¥ 1958.88,2025-06-28,2025-07-19 11:37:11
777175,系绳匕首（★ StatTrak™） | 表面淬火 (略有磨损),¥ 1769.5,2025-06-15,2025-07-19 11:37:11
777175,系绳匕首（★ StatTrak™） | 表面淬火 (略有磨损),¥ 1950,2025-06-14,2025-07-19 11:37:11
777175,系绳匕首（★ StatTrak™） | 表面淬火 (略有磨损),¥ 2100,2025-06-13,2025-07-19 11:37:11
777175,系绳匕首（★ StatTrak™） | 表面淬火 (略有磨损),¥ 1570,2025-06-04,2025-07-19 11:37:11
777175,系绳匕首（★ StatTrak™） | 表面淬火 (略有磨损),¥ 1793.5,2025-06-03,2025-07-19 11:37:11
777175,系绳匕首（★ StatTrak™） | 表面淬火 (略有磨损),¥ 1620,2025-05-29,2025-07-19 11:37:11
777175,系绳匕首（★ StatTrak™） | 表面淬火 (略有磨损),¥ 1580,2025-05-23,2025-07-19 11:37:11
42593,蝴蝶刀（★） | 都市伪装 (战痕累累),¥ 5920,2025-07-17,2025-07-19 11:37:18
42593,蝴蝶刀（★） | 都市伪装 (战痕累累),¥ 5955,2025-07-16,2025-07-19 11:37:18
42593,蝴蝶刀（★） | 都市伪装 (战痕累累),¥ 5945,2025-07-16,2025-07-19 11:37:18
42593,蝴蝶刀（★） | 都市伪装 (战痕累累),¥ 5949.5,2025-07-16,2025-07-19 11:37:18
42593,蝴蝶刀（★） | 都市伪装 (战痕累累),¥ 5979.5,2025-07-15,2025-07-19 11:37:18
42593,蝴蝶刀（★） | 都市伪装 (战痕累累),¥ 5990,2025-07-14,2025-07-19 11:37:18
42593,蝴蝶刀（★） | 都市伪装 (战痕累累),¥ 6300,2025-07-14,2025-07-19 11:37:18
42593,蝴蝶刀（★） | 都市伪装 (战痕累累),¥ 5997.5,2025-07-12,2025-07-19 11:37:18
42593,蝴蝶刀（★） | 都市伪装 (战痕累累),¥ 6450,2025-07-12,2025-07-19 11:37:18
42593,蝴蝶刀（★） | 都市伪装 (战痕累累),¥ 6300,2025-07-09,2025-07-19 11:37:18
42998,爪子刀（★） | 多普勒 (崭新出厂),¥ 21600,2025-07-19,2025-07-19 11:37:26
42998,爪子刀（★） | 多普勒 (崭新出厂),¥ 21449.5,2025-07-19,2025-07-19 11:37:26
42998,爪子刀（★） | 多普勒 (崭新出厂),¥ 19540,2025-07-19,2025-07-19 11:37:26
42998,爪子刀（★） | 多普勒 (崭新出厂),¥ 20685,2025-07-19,2025-07-19 11:37:26
42998,爪子刀（★） | 多普勒 (崭新出厂),¥ 23666,2025-07-19,2025-07-19 11:37:26
42998,爪子刀（★） | 多普勒 (崭新出厂),¥ 28222,2025-07-19,2025-07-19 11:37:26
42998,爪子刀（★） | 多普勒 (崭新出厂),¥ 20800,2025-07-19,2025-07-19 11:37:26
42998,爪子刀（★） | 多普勒 (崭新出厂),¥ 22000,2025-07-18,2025-07-19 11:37:26
42998,爪子刀（★） | 多普勒 (崭新出厂),¥ 20540,2025-07-18,2025-07-19 11:37:26
42998,爪子刀（★） | 多普勒 (崭新出厂),¥ 103300,2025-07-18,2025-07-19 11:37:26
43011,爪子刀（★） | 伽玛多普勒 (崭新出厂),¥ 36300,2025-07-19,2025-07-19 11:37:46
43011,爪子刀（★） | 伽玛多普勒 (崭新出厂),¥ 38000,2025-07-19,2025-07-19 11:37:46
43011,爪子刀（★） | 伽玛多普勒 (崭新出厂),¥ 36666,2025-07-18,2025-07-19 11:37:46
43011,爪子刀（★） | 伽玛多普勒 (崭新出厂),¥ 37000,2025-07-18,2025-07-19 11:37:46
43011,爪子刀（★） | 伽玛多普勒 (崭新出厂),¥ 36233,2025-07-18,2025-07-19 11:37:46
43011,爪子刀（★） | 伽玛多普勒 (崭新出厂),¥ 35222,2025-07-18,2025-07-19 11:37:46
43011,爪子刀（★） | 伽玛多普勒 (崭新出厂),¥ 38000,2025-07-16,2025-07-19 11:37:46
43011,爪子刀（★） | 伽玛多普勒 (崭新出厂),¥ 54500,2025-07-16,2025-07-19 11:37:46
43011,爪子刀（★） | 伽玛多普勒 (崭新出厂),¥ 88888,2025-07-16,2025-07-19 11:37:46
43011,爪子刀（★） | 伽玛多普勒 (崭新出厂),¥ 39200,2025-07-16,2025-07-19 11:37:46
776831,流浪者匕首（★） | 表面淬火 (破损不堪),¥ 1888,2025-07-18,2025-07-19 11:37:58
776831,流浪者匕首（★） | 表面淬火 (破损不堪),¥ 1849.99,2025-07-18,2025-07-19 11:37:58
776831,流浪者匕首（★） | 表面淬火 (破损不堪),¥ 1900,2025-07-18,2025-07-19 11:37:58
776831,流浪者匕首（★） | 表面淬火 (破损不堪),¥ 1920,2025-07-16,2025-07-19 11:37:58
776831,流浪者匕首（★） | 表面淬火 (破损不堪),¥ 3000,2025-07-16,2025-07-19 11:37:58
776831,流浪者匕首（★） | 表面淬火 (破损不堪),¥ 2189,2025-07-15,2025-07-19 11:37:58
776831,流浪者匕首（★） | 表面淬火 (破损不堪),¥ 1894.5,2025-07-15,2025-07-19 11:37:58
776831,流浪者匕首（★） | 表面淬火 (破损不堪),¥ 1840,2025-07-15,2025-07-19 11:37:58
776831,流浪者匕首（★） | 表面淬火 (破损不堪),¥ 1850,2025-07-15,2025-07-19 11:37:58
776831,流浪者匕首（★） | 表面淬火 (破损不堪),¥ 1880,2025-07-15,2025-07-19 11:37:58
43091,M9 刺刀（★） | 多普勒 (崭新出厂),¥ 14600,2025-07-19,2025-07-19 11:38:06
43091,M9 刺刀（★） | 多普勒 (崭新出厂),¥ 106890,2025-07-19,2025-07-19 11:38:06
43091,M9 刺刀（★） | 多普勒 (崭新出厂),¥ 16200,2025-07-19,2025-07-19 11:38:06
43091,M9 刺刀（★） | 多普勒 (崭新出厂),¥ 24800,2025-07-18,2025-07-19 11:38:06
43091,M9 刺刀（★） | 多普勒 (崭新出厂),¥ 14500,2025-07-18,2025-07-19 11:38:06
43091,M9 刺刀（★） | 多普勒 (崭新出厂),¥ 14050,2025-07-18,2025-07-19 11:38:06
43091,M9 刺刀（★） | 多普勒 (崭新出厂),¥ 14250,2025-07-18,2025-07-19 11:38:06
43091,M9 刺刀（★） | 多普勒 (崭新出厂),¥ 16600,2025-07-18,2025-07-19 11:38:06
43091,M9 刺刀（★） | 多普勒 (崭新出厂),¥ 16500,2025-07-18,2025-07-19 11:38:06
43091,M9 刺刀（★） | 多普勒 (崭新出厂),¥ 108887.5,2025-07-18,2025-07-19 11:38:06
42409,刺刀（★） | 渐变大理石 (崭新出厂),¥ 4550,2025-07-19,2025-07-19 11:38:20
42409,刺刀（★） | 渐变大理石 (崭新出厂),¥ 4600,2025-07-19,2025-07-19 11:38:20
42409,刺刀（★） | 渐变大理石 (崭新出厂),¥ 4560,2025-07-18,2025-07-19 11:38:20
42409,刺刀（★） | 渐变大理石 (崭新出厂),¥ 4700,2025-07-17,2025-07-19 11:38:20
42409,刺刀（★） | 渐变大理石 (崭新出厂),¥ 5500,2025-07-17,2025-07-19 11:38:20
42409,刺刀（★） | 渐变大理石 (崭新出厂),¥ 4820,2025-07-16,2025-07-19 11:38:20
42409,刺刀（★） | 渐变大理石 (崭新出厂),¥ 4829,2025-07-16,2025-07-19 11:38:20
42409,刺刀（★） | 渐变大理石 (崭新出厂),¥ 6385,2025-07-15,2025-07-19 11:38:20
42409,刺刀（★） | 渐变大理石 (崭新出厂),¥ 4830,2025-07-15,2025-07-19 11:38:20
42409,刺刀（★） | 渐变大理石 (崭新出厂),¥ 4660,2025-07-15,2025-07-19 11:38:20
42708,折叠刀（★） | 表面淬火 (久经沙场),¥ 1760,2025-07-19,2025-07-19 11:38:32
42708,折叠刀（★） | 表面淬火 (久经沙场),¥ 2420,2025-07-18,2025-07-19 11:38:32
42708,折叠刀（★） | 表面淬火 (久经沙场),¥ 1790,2025-07-15,2025-07-19 11:38:32
42708,折叠刀（★） | 表面淬火 (久经沙场),¥ 1898,2025-07-13,2025-07-19 11:38:32
42708,折叠刀（★） | 表面淬火 (久经沙场),¥ 1875,2025-07-13,2025-07-19 11:38:32
42708,折叠刀（★） | 表面淬火 (久经沙场),¥ 1727,2025-07-13,2025-07-19 11:38:32
42708,折叠刀（★） | 表面淬火 (久经沙场),¥ 1720.5,2025-07-13,2025-07-19 11:38:32
42708,折叠刀（★） | 表面淬火 (久经沙场),¥ 3999,2025-07-12,2025-07-19 11:38:32
42708,折叠刀（★） | 表面淬火 (久经沙场),¥ 1720,2025-07-12,2025-07-19 11:38:32
42708,折叠刀（★） | 表面淬火 (久经沙场),¥ 1810,2025-07-11,2025-07-19 11:38:32
43017,爪子刀（★） | 渐变大理石 (崭新出厂),¥ 24666,2025-07-18,2025-07-19 11:38:39
43017,爪子刀（★） | 渐变大理石 (崭新出厂),¥ 16000,2025-07-18,2025-07-19 11:38:39
43017,爪子刀（★） | 渐变大理石 (崭新出厂),¥ 15749.5,2025-07-18,2025-07-19 11:38:39
43017,爪子刀（★） | 渐变大理石 (崭新出厂),¥ 24688,2025-07-18,2025-07-19 11:38:39
43017,爪子刀（★） | 渐变大理石 (崭新出厂),¥ 15750,2025-07-18,2025-07-19 11:38:39
43017,爪子刀（★） | 渐变大理石 (崭新出厂),¥ 22497,2025-07-18,2025-07-19 11:38:39
43017,爪子刀（★） | 渐变大理石 (崭新出厂),¥ 15500,2025-07-18,2025-07-19 11:38:39
43017,爪子刀（★） | 渐变大理石 (崭新出厂),¥ 22666,2025-07-18,2025-07-19 11:38:39
43017,爪子刀（★） | 渐变大理石 (崭新出厂),¥ 15630,2025-07-18,2025-07-19 11:38:39
43017,爪子刀（★） | 渐变大理石 (崭新出厂),¥ 26666,2025-07-18,2025-07-19 11:38:39
956648,廓尔喀刀（★） | 表面淬火 (久经沙场),¥ 1510,2025-07-19,2025-07-19 11:38:47
956648,廓尔喀刀（★） | 表面淬火 (久经沙场),¥ 7900,2025-07-19,2025-07-19 11:38:47
956648,廓尔喀刀（★） | 表面淬火 (久经沙场),¥ 1410,2025-07-19,2025-07-19 11:38:47
956648,廓尔喀刀（★） | 表面淬火 (久经沙场),¥ 1519,2025-07-18,2025-07-19 11:38:47
956648,廓尔喀刀（★） | 表面淬火 (久经沙场),¥ 1850,2025-07-18,2025-07-19 11:38:47
956648,廓尔喀刀（★） | 表面淬火 (久经沙场),¥ 1550,2025-07-18,2025-07-19 11:38:47
956648,廓尔喀刀（★） | 表面淬火 (久经沙场),¥ 1330,2025-07-18,2025-07-19 11:38:47
956648,廓尔喀刀（★） | 表面淬火 (久经沙场),¥ 1609,2025-07-18,2025-07-19 11:38:47
956648,廓尔喀刀（★） | 表面淬火 (久经沙场),¥ 1568,2025-07-18,2025-07-19 11:38:47
769500,锯齿爪刀（★） | 多普勒 (崭新出厂),¥ 16350,2025-07-18,2025-07-19 11:38:55
769500,锯齿爪刀（★） | 多普勒 (崭新出厂),¥ 11800,2025-07-18,2025-07-19 11:38:55
769500,锯齿爪刀（★） | 多普勒 (崭新出厂),¥ 26800,2025-07-18,2025-07-19 11:38:55
769500,锯齿爪刀（★） | 多普勒 (崭新出厂),¥ 11200,2025-07-18,2025-07-19 11:38:55
769500,锯齿爪刀（★） | 多普勒 (崭新出厂),¥ 10888,2025-07-18,2025-07-19 11:38:55
769500,锯齿爪刀（★） | 多普勒 (崭新出厂),¥ 11000,2025-07-17,2025-07-19 11:38:55
769500,锯齿爪刀（★） | 多普勒 (崭新出厂),¥ 15488,2025-07-17,2025-07-19 11:38:55
769500,锯齿爪刀（★） | 多普勒 (崭新出厂),¥ 10600,2025-07-17,2025-07-19 11:38:55
769500,锯齿爪刀（★） | 多普勒 (崭新出厂),¥ 11390,2025-07-16,2025-07-19 11:38:55
769500,锯齿爪刀（★） | 多普勒 (崭新出厂),¥ 11430,2025-07-16,2025-07-19 11:38:55
43110,M9 刺刀（★） | 渐变大理石 (崭新出厂),¥ 11924,2025-07-18,2025-07-19 11:39:02
43110,M9 刺刀（★） | 渐变大理石 (崭新出厂),¥ 11888,2025-07-18,2025-07-19 11:39:02
43110,M9 刺刀（★） | 渐变大理石 (崭新出厂),¥ 11778.5,2025-07-18,2025-07-19 11:39:02
43110,M9 刺刀（★） | 渐变大理石 (崭新出厂),¥ 11570,2025-07-18,2025-07-19 11:39:02
43110,M9 刺刀（★） | 渐变大理石 (崭新出厂),¥ 11290,2025-07-17,2025-07-19 11:39:02
43110,M9 刺刀（★） | 渐变大理石 (崭新出厂),¥ 11280,2025-07-17,2025-07-19 11:39:02
43110,M9 刺刀（★） | 渐变大理石 (崭新出厂),¥ 11190,2025-07-17,2025-07-19 11:39:02
43110,M9 刺刀（★） | 渐变大理石 (崭新出厂),¥ 11105.82,2025-07-17,2025-07-19 11:39:02
43110,M9 刺刀（★） | 渐变大理石 (崭新出厂),¥ 11296.5,2025-07-17,2025-07-19 11:39:02
42556,蝴蝶刀（★） | 渐变之色 (崭新出厂),¥ 37850,2025-07-19,2025-07-19 11:39:10
42556,蝴蝶刀（★） | 渐变之色 (崭新出厂),¥ 37288,2025-07-18,2025-07-19 11:39:10
42556,蝴蝶刀（★） | 渐变之色 (崭新出厂),¥ 38500,2025-07-18,2025-07-19 11:39:10
42556,蝴蝶刀（★） | 渐变之色 (崭新出厂),¥ 36000,2025-07-18,2025-07-19 11:39:10
42556,蝴蝶刀（★） | 渐变之色 (崭新出厂),¥ 33500,2025-07-18,2025-07-19 11:39:10
42556,蝴蝶刀（★） | 渐变之色 (崭新出厂),¥ 32000,2025-07-18,2025-07-19 11:39:10
42556,蝴蝶刀（★） | 渐变之色 (崭新出厂),¥ 33750,2025-07-18,2025-07-19 11:39:10
42556,蝴蝶刀（★） | 渐变之色 (崭新出厂),¥ 37800,2025-07-18,2025-07-19 11:39:10
42556,蝴蝶刀（★） | 渐变之色 (崭新出厂),¥ 34500,2025-07-17,2025-07-19 11:39:10
42556,蝴蝶刀（★） | 渐变之色 (崭新出厂),¥ 32999.5,2025-07-17,2025-07-19 11:39:10
42530,蝴蝶刀（★）,¥ 20500,2025-07-18,2025-07-19 11:39:18
42530,蝴蝶刀（★）,¥ 20749.5,2025-07-18,2025-07-19 11:39:18
42530,蝴蝶刀（★）,¥ 20750,2025-07-18,2025-07-19 11:39:18
42530,蝴蝶刀（★）,¥ 20745,2025-07-18,2025-07-19 11:39:18
42530,蝴蝶刀（★）,¥ 20780,2025-07-18,2025-07-19 11:39:18
42530,蝴蝶刀（★）,¥ 20800,2025-07-18,2025-07-19 11:39:18
42530,蝴蝶刀（★）,¥ 20300,2025-07-18,2025-07-19 11:39:18
42530,蝴蝶刀（★）,¥ 20787,2025-07-18,2025-07-19 11:39:18
42530,蝴蝶刀（★）,¥ 20777,2025-07-18,2025-07-19 11:39:18
42555,蝴蝶刀（★） | 多普勒 (崭新出厂),¥ 101000,2025-07-19,2025-07-19 11:39:27
42555,蝴蝶刀（★） | 多普勒 (崭新出厂),¥ 69030,2025-07-18,2025-07-19 11:39:27
42555,蝴蝶刀（★） | 多普勒 (崭新出厂),¥ 39800,2025-07-18,2025-07-19 11:39:27
42555,蝴蝶刀（★） | 多普勒 (崭新出厂),¥ 136500,2025-07-18,2025-07-19 11:39:27
42555,蝴蝶刀（★） | 多普勒 (崭新出厂),¥ 29199.5,2025-07-18,2025-07-19 11:39:27
42555,蝴蝶刀（★） | 多普勒 (崭新出厂),¥ 67800,2025-07-17,2025-07-19 11:39:27
42555,蝴蝶刀（★） | 多普勒 (崭新出厂),¥ 37500,2025-07-17,2025-07-19 11:39:27
42555,蝴蝶刀（★） | 多普勒 (崭新出厂),¥ 139888,2025-07-16,2025-07-19 11:39:27
42555,蝴蝶刀（★） | 多普勒 (崭新出厂),¥ 128990,2025-07-16,2025-07-19 11:39:27
42555,蝴蝶刀（★） | 多普勒 (崭新出厂),¥ 40500,2025-07-15,2025-07-19 11:39:27
1115642,骷髅匕首（★） | 多普勒 (崭新出厂),¥ 10600,2025-07-19,2025-07-19 11:39:41
1115642,骷髅匕首（★） | 多普勒 (崭新出厂),¥ 11275,2025-07-19,2025-07-19 11:39:41
1115642,骷髅匕首（★） | 多普勒 (崭新出厂),¥ 30000,2025-07-19,2025-07-19 11:39:41
1115642,骷髅匕首（★） | 多普勒 (崭新出厂),¥ 11900,2025-07-19,2025-07-19 11:39:41
1115642,骷髅匕首（★） | 多普勒 (崭新出厂),¥ 11500,2025-07-19,2025-07-19 11:39:41
1115642,骷髅匕首（★） | 多普勒 (崭新出厂),¥ 17500,2025-07-18,2025-07-19 11:39:41
1115642,骷髅匕首（★） | 多普勒 (崭新出厂),¥ 10587,2025-07-18,2025-07-19 11:39:41
1115642,骷髅匕首（★） | 多普勒 (崭新出厂),¥ 30297.5,2025-07-18,2025-07-19 11:39:41
1115642,骷髅匕首（★） | 多普勒 (崭新出厂),¥ 50486.5,2025-07-18,2025-07-19 11:39:41
1115642,骷髅匕首（★） | 多普勒 (崭新出厂),¥ 11800,2025-07-18,2025-07-19 11:39:41
769518,锯齿爪刀（★） | 外表生锈 (战痕累累),¥ 2850,2025-07-19,2025-07-19 11:39:55
769518,锯齿爪刀（★） | 外表生锈 (战痕累累),¥ 2885.5,2025-07-19,2025-07-19 11:39:55
769518,锯齿爪刀（★） | 外表生锈 (战痕累累),¥ 2888,2025-07-18,2025-07-19 11:39:55
769518,锯齿爪刀（★） | 外表生锈 (战痕累累),¥ 2887,2025-07-18,2025-07-19 11:39:55
769518,锯齿爪刀（★） | 外表生锈 (战痕累累),¥ 2886.5,2025-07-18,2025-07-19 11:39:55
769518,锯齿爪刀（★） | 外表生锈 (战痕累累),¥ 2880,2025-07-17,2025-07-19 11:39:55
769518,锯齿爪刀（★） | 外表生锈 (战痕累累),¥ 2870,2025-07-17,2025-07-19 11:39:55
769518,锯齿爪刀（★） | 外表生锈 (战痕累累),¥ 2860,2025-07-17,2025-07-19 11:39:55
769518,锯齿爪刀（★） | 外表生锈 (战痕累累),¥ 2888,2025-07-17,2025-07-19 11:39:55
769518,锯齿爪刀（★） | 外表生锈 (战痕累累),¥ 2946,2025-07-16,2025-07-19 11:39:55
43094,M9 刺刀（★） | 森林 DDPAT (战痕累累),¥ 3799.5,2025-07-18,2025-07-19 11:40:01
43094,M9 刺刀（★） | 森林 DDPAT (战痕累累),¥ 3860,2025-07-14,2025-07-19 11:40:01
43094,M9 刺刀（★） | 森林 DDPAT (战痕累累),¥ 4100,2025-07-14,2025-07-19 11:40:01
43094,M9 刺刀（★） | 森林 DDPAT (战痕累累),¥ 4100,2025-07-13,2025-07-19 11:40:01
43094,M9 刺刀（★） | 森林 DDPAT (战痕累累),¥ 3660,2025-07-12,2025-07-19 11:40:01
43094,M9 刺刀（★） | 森林 DDPAT (战痕累累),¥ 3990,2025-07-11,2025-07-19 11:40:01
43094,M9 刺刀（★） | 森林 DDPAT (战痕累累),¥ 3989,2025-07-09,2025-07-19 11:40:01
43094,M9 刺刀（★） | 森林 DDPAT (战痕累累),¥ 3980,2025-07-09,2025-07-19 11:40:01
43094,M9 刺刀（★） | 森林 DDPAT (战痕累累),¥ 3840,2025-07-08,2025-07-19 11:40:01
43094,M9 刺刀（★） | 森林 DDPAT (战痕累累),¥ 3770,2025-07-08,2025-07-19 11:40:01
956684,廓尔喀刀（★） | 表面淬火 (破损不堪),¥ 2800,2025-07-19,2025-07-19 11:40:07
956684,廓尔喀刀（★） | 表面淬火 (破损不堪),¥ 1314,2025-07-19,2025-07-19 11:40:07
956684,廓尔喀刀（★） | 表面淬火 (破损不堪),¥ 1443,2025-07-19,2025-07-19 11:40:07
956684,廓尔喀刀（★） | 表面淬火 (破损不堪),¥ 1325,2025-07-18,2025-07-19 11:40:07
956684,廓尔喀刀（★） | 表面淬火 (破损不堪),¥ 1300,2025-07-18,2025-07-19 11:40:07
956684,廓尔喀刀（★） | 表面淬火 (破损不堪),¥ 1264,2025-07-18,2025-07-19 11:40:07
956684,廓尔喀刀（★） | 表面淬火 (破损不堪),¥ 1250,2025-07-18,2025-07-19 11:40:07
956684,廓尔喀刀（★） | 表面淬火 (破损不堪),¥ 1267,2025-07-18,2025-07-19 11:40:07
956684,廓尔喀刀（★） | 表面淬火 (破损不堪),¥ 1200,2025-07-18,2025-07-19 11:40:07
956684,廓尔喀刀（★） | 表面淬火 (破损不堪),¥ 1313,2025-07-17,2025-07-19 11:40:07
42731,折叠刀（★） | 自由之手 (久经沙场),¥ 1530,2025-07-19,2025-07-19 11:40:14
42731,折叠刀（★） | 自由之手 (久经沙场),¥ 1490.5,2025-07-19,2025-07-19 11:40:14
42731,折叠刀（★） | 自由之手 (久经沙场),¥ 1505,2025-07-18,2025-07-19 11:40:14
42731,折叠刀（★） | 自由之手 (久经沙场),¥ 1485,2025-07-18,2025-07-19 11:40:14
42731,折叠刀（★） | 自由之手 (久经沙场),¥ 1535,2025-07-17,2025-07-19 11:40:14
42731,折叠刀（★） | 自由之手 (久经沙场),¥ 1500,2025-07-16,2025-07-19 11:40:14
42731,折叠刀（★） | 自由之手 (久经沙场),¥ 1500,2025-07-15,2025-07-19 11:40:14
42731,折叠刀（★） | 自由之手 (久经沙场),¥ 1497,2025-07-15,2025-07-19 11:40:14
42731,折叠刀（★） | 自由之手 (久经沙场),¥ 1570,2025-07-15,2025-07-19 11:40:14
42731,折叠刀（★） | 自由之手 (久经沙场),¥ 1539,2025-07-15,2025-07-19 11:40:14
776716,骷髅匕首（★） | 渐变之色 (崭新出厂),¥ 9900,2025-07-19,2025-07-19 11:40:22
776716,骷髅匕首（★） | 渐变之色 (崭新出厂),¥ 9300,2025-07-19,2025-07-19 11:40:22
776716,骷髅匕首（★） | 渐变之色 (崭新出厂),¥ 9480,2025-07-19,2025-07-19 11:40:22
776716,骷髅匕首（★） | 渐变之色 (崭新出厂),¥ 9399,2025-07-18,2025-07-19 11:40:22
776716,骷髅匕首（★） | 渐变之色 (崭新出厂),¥ 9500,2025-07-18,2025-07-19 11:40:22
776716,骷髅匕首（★） | 渐变之色 (崭新出厂),¥ 9395,2025-07-18,2025-07-19 11:40:22
776716,骷髅匕首（★） | 渐变之色 (崭新出厂),¥ 9300,2025-07-18,2025-07-19 11:40:22
776716,骷髅匕首（★） | 渐变之色 (崭新出厂),¥ 9280,2025-07-18,2025-07-19 11:40:22
776716,骷髅匕首（★） | 渐变之色 (崭新出厂),¥ 9200,2025-07-18,2025-07-19 11:40:22
42402,刺刀（★） | 伽玛多普勒 (崭新出厂),¥ 8100,2025-07-18,2025-07-19 11:40:43
42402,刺刀（★） | 伽玛多普勒 (崭新出厂),¥ 7700,2025-07-18,2025-07-19 11:40:43
42402,刺刀（★） | 伽玛多普勒 (崭新出厂),¥ 7777,2025-07-18,2025-07-19 11:40:43
42402,刺刀（★） | 伽玛多普勒 (崭新出厂),¥ 7680,2025-07-18,2025-07-19 11:40:43
42402,刺刀（★） | 伽玛多普勒 (崭新出厂),¥ 27500,2025-07-17,2025-07-19 11:40:43
42402,刺刀（★） | 伽玛多普勒 (崭新出厂),¥ 6900,2025-07-17,2025-07-19 11:40:43
42402,刺刀（★） | 伽玛多普勒 (崭新出厂),¥ 7900,2025-07-16,2025-07-19 11:40:43
42402,刺刀（★） | 伽玛多普勒 (崭新出厂),¥ 8020,2025-07-16,2025-07-19 11:40:43
42402,刺刀（★） | 伽玛多普勒 (崭新出厂),¥ 8588,2025-07-16,2025-07-19 11:40:43
42402,刺刀（★） | 伽玛多普勒 (崭新出厂),¥ 29500,2025-07-15,2025-07-19 11:40:43
760335,锯齿爪刀（★） | 表面淬火 (略有磨损),¥ 4750,2025-07-18,2025-07-19 11:40:49
760335,锯齿爪刀（★） | 表面淬火 (略有磨损),¥ 15500,2025-07-18,2025-07-19 11:40:49
760335,锯齿爪刀（★） | 表面淬火 (略有磨损),¥ 5300,2025-07-17,2025-07-19 11:40:49
760335,锯齿爪刀（★） | 表面淬火 (略有磨损),¥ 6100,2025-07-16,2025-07-19 11:40:49
760335,锯齿爪刀（★） | 表面淬火 (略有磨损),¥ 10000,2025-07-16,2025-07-19 11:40:49
760335,锯齿爪刀（★） | 表面淬火 (略有磨损),¥ 12000,2025-07-15,2025-07-19 11:40:49
760335,锯齿爪刀（★） | 表面淬火 (略有磨损),¥ 4850,2025-07-14,2025-07-19 11:40:49
760335,锯齿爪刀（★） | 表面淬火 (略有磨损),¥ 5300,2025-07-13,2025-07-19 11:40:49
760335,锯齿爪刀（★） | 表面淬火 (略有磨损),¥ 4950,2025-07-13,2025-07-19 11:40:49
760335,锯齿爪刀（★） | 表面淬火 (略有磨损),¥ 5150,2025-07-13,2025-07-19 11:40:49
42552,蝴蝶刀（★） | 大马士革钢 (久经沙场),¥ 9198,2025-07-18,2025-07-19 11:40:57
42552,蝴蝶刀（★） | 大马士革钢 (久经沙场),¥ 9000,2025-07-17,2025-07-19 11:40:57
42552,蝴蝶刀（★） | 大马士革钢 (久经沙场),¥ 9070,2025-07-17,2025-07-19 11:40:57
42552,蝴蝶刀（★） | 大马士革钢 (久经沙场),¥ 9400,2025-07-16,2025-07-19 11:40:57
42552,蝴蝶刀（★） | 大马士革钢 (久经沙场),¥ 9590,2025-07-16,2025-07-19 11:40:57
42552,蝴蝶刀（★） | 大马士革钢 (久经沙场),¥ 9888,2025-07-16,2025-07-19 11:40:57
42552,蝴蝶刀（★） | 大马士革钢 (久经沙场),¥ 9639.9,2025-07-15,2025-07-19 11:40:57
42552,蝴蝶刀（★） | 大马士革钢 (久经沙场),¥ 9650,2025-07-15,2025-07-19 11:40:57
42552,蝴蝶刀（★） | 大马士革钢 (久经沙场),¥ 9799,2025-07-15,2025-07-19 11:40:57
42552,蝴蝶刀（★） | 大马士革钢 (久经沙场),¥ 9555,2025-07-15,2025-07-19 11:40:57
43000,爪子刀（★） | 渐变之色 (崭新出厂),¥ 28300,2025-07-19,2025-07-19 11:41:06
43000,爪子刀（★） | 渐变之色 (崭新出厂),¥ 27800,2025-07-18,2025-07-19 11:41:06
43000,爪子刀（★） | 渐变之色 (崭新出厂),¥ 27777.77,2025-07-18,2025-07-19 11:41:06
43000,爪子刀（★） | 渐变之色 (崭新出厂),¥ 27888,2025-07-17,2025-07-19 11:41:06
43000,爪子刀（★） | 渐变之色 (崭新出厂),¥ 28400,2025-07-16,2025-07-19 11:41:06
43000,爪子刀（★） | 渐变之色 (崭新出厂),¥ 28300,2025-07-16,2025-07-19 11:41:06
43000,爪子刀（★） | 渐变之色 (崭新出厂),¥ 28099,2025-07-16,2025-07-19 11:41:06
43000,爪子刀（★） | 渐变之色 (崭新出厂),¥ 29400,2025-07-15,2025-07-19 11:41:06
43000,爪子刀（★） | 渐变之色 (崭新出厂),¥ 33999,2025-07-15,2025-07-19 11:41:06
43000,爪子刀（★） | 渐变之色 (崭新出厂),¥ 29100,2025-07-15,2025-07-19 11:41:06
43136,M9 刺刀（★） | 虎牙 (崭新出厂),¥ 9500,2025-07-19,2025-07-19 11:41:11
43136,M9 刺刀（★） | 虎牙 (崭新出厂),¥ 9622,2025-07-18,2025-07-19 11:41:11
43136,M9 刺刀（★） | 虎牙 (崭新出厂),¥ 9600,2025-07-18,2025-07-19 11:41:11
43136,M9 刺刀（★） | 虎牙 (崭新出厂),¥ 9500,2025-07-18,2025-07-19 11:41:11
43136,M9 刺刀（★） | 虎牙 (崭新出厂),¥ 9287,2025-07-18,2025-07-19 11:41:11
43136,M9 刺刀（★） | 虎牙 (崭新出厂),¥ 9030,2025-07-17,2025-07-19 11:41:11
43136,M9 刺刀（★） | 虎牙 (崭新出厂),¥ 9149.5,2025-07-17,2025-07-19 11:41:11
43136,M9 刺刀（★） | 虎牙 (崭新出厂),¥ 9050,2025-07-17,2025-07-19 11:41:11
43136,M9 刺刀（★） | 虎牙 (崭新出厂),¥ 8999.5,2025-07-17,2025-07-19 11:41:11
42563,蝴蝶刀（★） | 渐变大理石 (崭新出厂),¥ 20698,2025-07-19,2025-07-19 11:41:19
42563,蝴蝶刀（★） | 渐变大理石 (崭新出厂),¥ 20288.8,2025-07-19,2025-07-19 11:41:19
42563,蝴蝶刀（★） | 渐变大理石 (崭新出厂),¥ 19830,2025-07-19,2025-07-19 11:41:19
42563,蝴蝶刀（★） | 渐变大理石 (崭新出厂),¥ 21500,2025-07-18,2025-07-19 11:41:19
42563,蝴蝶刀（★） | 渐变大理石 (崭新出厂),¥ 20100,2025-07-18,2025-07-19 11:41:19
42563,蝴蝶刀（★） | 渐变大理石 (崭新出厂),¥ 20060,2025-07-18,2025-07-19 11:41:19
42563,蝴蝶刀（★） | 渐变大理石 (崭新出厂),¥ 19900,2025-07-18,2025-07-19 11:41:19
42563,蝴蝶刀（★） | 渐变大理石 (崭新出厂),¥ 20800,2025-07-18,2025-07-19 11:41:19
42563,蝴蝶刀（★） | 渐变大理石 (崭新出厂),¥ 21000,2025-07-18,2025-07-19 11:41:19
42563,蝴蝶刀（★） | 渐变大理石 (崭新出厂),¥ 19998.5,2025-07-18,2025-07-19 11:41:19
871747,蝴蝶刀（★） | 伽玛多普勒 (崭新出厂),¥ 33500,2025-07-19,2025-07-19 11:41:34
871747,蝴蝶刀（★） | 伽玛多普勒 (崭新出厂),¥ 33888,2025-07-18,2025-07-19 11:41:34
871747,蝴蝶刀（★） | 伽玛多普勒 (崭新出厂),¥ 32000,2025-07-18,2025-07-19 11:41:34
871747,蝴蝶刀（★） | 伽玛多普勒 (崭新出厂),¥ 33666,2025-07-18,2025-07-19 11:41:34
871747,蝴蝶刀（★） | 伽玛多普勒 (崭新出厂),¥ 33299.5,2025-07-18,2025-07-19 11:41:34
871747,蝴蝶刀（★） | 伽玛多普勒 (崭新出厂),¥ 34300,2025-07-18,2025-07-19 11:41:34
871747,蝴蝶刀（★） | 伽玛多普勒 (崭新出厂),¥ 32888.8,2025-07-18,2025-07-19 11:41:34
871747,蝴蝶刀（★） | 伽玛多普勒 (崭新出厂),¥ 32666,2025-07-18,2025-07-19 11:41:34
871747,蝴蝶刀（★） | 伽玛多普勒 (崭新出厂),¥ 33600,2025-07-18,2025-07-19 11:41:34
871747,蝴蝶刀（★） | 伽玛多普勒 (崭新出厂),¥ 32888,2025-07-18,2025-07-19 11:41:34
42970,爪子刀（★） | 黑色层压板 (破损不堪),¥ 8500,2025-07-18,2025-07-19 11:41:43
42970,爪子刀（★） | 黑色层压板 (破损不堪),¥ 8488,2025-07-17,2025-07-19 11:41:43
42970,爪子刀（★） | 黑色层压板 (破损不堪),¥ 8400,2025-07-17,2025-07-19 11:41:43
42970,爪子刀（★） | 黑色层压板 (破损不堪),¥ 8800,2025-07-17,2025-07-19 11:41:43
42970,爪子刀（★） | 黑色层压板 (破损不堪),¥ 8950,2025-07-16,2025-07-19 11:41:43
42970,爪子刀（★） | 黑色层压板 (破损不堪),¥ 8520,2025-07-16,2025-07-19 11:41:43
42970,爪子刀（★） | 黑色层压板 (破损不堪),¥ 8959.5,2025-07-15,2025-07-19 11:41:43
42970,爪子刀（★） | 黑色层压板 (破损不堪),¥ 8950,2025-07-15,2025-07-19 11:41:43
42970,爪子刀（★） | 黑色层压板 (破损不堪),¥ 9200,2025-07-15,2025-07-19 11:41:43
42970,爪子刀（★） | 黑色层压板 (破损不堪),¥ 8800,2025-07-15,2025-07-19 11:41:43
871723,猎杀者匕首（★） | 伽玛多普勒 (崭新出厂),¥ 3299.99,2025-07-19,2025-07-19 11:41:51
871723,猎杀者匕首（★） | 伽玛多普勒 (崭新出厂),¥ 3368,2025-07-18,2025-07-19 11:41:51
871723,猎杀者匕首（★） | 伽玛多普勒 (崭新出厂),¥ 3400,2025-07-18,2025-07-19 11:41:51
871723,猎杀者匕首（★） | 伽玛多普勒 (崭新出厂),¥ 3298.5,2025-07-18,2025-07-19 11:41:51
871723,猎杀者匕首（★） | 伽玛多普勒 (崭新出厂),¥ 3818,2025-07-18,2025-07-19 11:41:51
871723,猎杀者匕首（★） | 伽玛多普勒 (崭新出厂),¥ 3820,2025-07-17,2025-07-19 11:41:51
871723,猎杀者匕首（★） | 伽玛多普勒 (崭新出厂),¥ 3298.99,2025-07-17,2025-07-19 11:41:51
871723,猎杀者匕首（★） | 伽玛多普勒 (崭新出厂),¥ 4050,2025-07-16,2025-07-19 11:41:51
871723,猎杀者匕首（★） | 伽玛多普勒 (崭新出厂),¥ 3530,2025-07-16,2025-07-19 11:41:51
871723,猎杀者匕首（★） | 伽玛多普勒 (崭新出厂),¥ 3300,2025-07-16,2025-07-19 11:41:51
42547,蝴蝶刀（★） | 深红之网 (久经沙场),¥ 9899,2025-07-19,2025-07-19 11:41:59
42547,蝴蝶刀（★） | 深红之网 (久经沙场),¥ 8887.5,2025-07-19,2025-07-19 11:41:59
42547,蝴蝶刀（★） | 深红之网 (久经沙场),¥ 9150,2025-07-19,2025-07-19 11:41:59
42547,蝴蝶刀（★） | 深红之网 (久经沙场),¥ 9000,2025-07-18,2025-07-19 11:41:59
42547,蝴蝶刀（★） | 深红之网 (久经沙场),¥ 11320,2025-07-18,2025-07-19 11:41:59
42547,蝴蝶刀（★） | 深红之网 (久经沙场),¥ 9799,2025-07-18,2025-07-19 11:41:59
42547,蝴蝶刀（★） | 深红之网 (久经沙场),¥ 10500,2025-07-18,2025-07-19 11:41:59
42547,蝴蝶刀（★） | 深红之网 (久经沙场),¥ 8990,2025-07-17,2025-07-19 11:41:59
42547,蝴蝶刀（★） | 深红之网 (久经沙场),¥ 10880,2025-07-17,2025-07-19 11:41:59
42547,蝴蝶刀（★） | 深红之网 (久经沙场),¥ 10920,2025-07-16,2025-07-19 11:41:59
42999,爪子刀（★） | 多普勒 (略有磨损),¥ 19400,2025-07-15,2025-07-19 11:42:06
42999,爪子刀（★） | 多普勒 (略有磨损),¥ 19550,2025-07-15,2025-07-19 11:42:06
42999,爪子刀（★） | 多普勒 (略有磨损),¥ 20000,2025-07-15,2025-07-19 11:42:06
42999,爪子刀（★） | 多普勒 (略有磨损),¥ 19450,2025-07-15,2025-07-19 11:42:06
42999,爪子刀（★） | 多普勒 (略有磨损),¥ 19550,2025-07-14,2025-07-19 11:42:06
42999,爪子刀（★） | 多普勒 (略有磨损),¥ 59989.5,2025-07-14,2025-07-19 11:42:06
42999,爪子刀（★） | 多普勒 (略有磨损),¥ 20555,2025-07-14,2025-07-19 11:42:06
42999,爪子刀（★） | 多普勒 (略有磨损),¥ 26900,2025-07-14,2025-07-19 11:42:06
42999,爪子刀（★） | 多普勒 (略有磨损),¥ 26500,2025-07-13,2025-07-19 11:42:06
42999,爪子刀（★） | 多普勒 (略有磨损),¥ 21000,2025-07-13,2025-07-19 11:42:06
769474,短剑（★） | 多普勒 (崭新出厂),¥ 6650,2025-07-19,2025-07-19 11:42:35
769474,短剑（★） | 多普勒 (崭新出厂),¥ 18688,2025-07-18,2025-07-19 11:42:35
769474,短剑（★） | 多普勒 (崭新出厂),¥ 6450,2025-07-18,2025-07-19 11:42:35
769474,短剑（★） | 多普勒 (崭新出厂),¥ 7650,2025-07-18,2025-07-19 11:42:35
769474,短剑（★） | 多普勒 (崭新出厂),¥ 6600,2025-07-17,2025-07-19 11:42:35
769474,短剑（★） | 多普勒 (崭新出厂),¥ 10110,2025-07-17,2025-07-19 11:42:35
769474,短剑（★） | 多普勒 (崭新出厂),¥ 6990,2025-07-16,2025-07-19 11:42:35
769474,短剑（★） | 多普勒 (崭新出厂),¥ 11999.99,2025-07-16,2025-07-19 11:42:35
769474,短剑（★） | 多普勒 (崭新出厂),¥ 6350,2025-07-16,2025-07-19 11:42:35
769474,短剑（★） | 多普勒 (崭新出厂),¥ 17700,2025-07-16,2025-07-19 11:42:35
776827,求生匕首（★） | 渐变之色 (崭新出厂),¥ 2200,2025-07-19,2025-07-19 11:42:41
776827,求生匕首（★） | 渐变之色 (崭新出厂),¥ 2240,2025-07-19,2025-07-19 11:42:41
776827,求生匕首（★） | 渐变之色 (崭新出厂),¥ 2069,2025-07-19,2025-07-19 11:42:41
776827,求生匕首（★） | 渐变之色 (崭新出厂),¥ 2059.5,2025-07-18,2025-07-19 11:42:41
776827,求生匕首（★） | 渐变之色 (崭新出厂),¥ 2059,2025-07-18,2025-07-19 11:42:41
776827,求生匕首（★） | 渐变之色 (崭新出厂),¥ 2050,2025-07-18,2025-07-19 11:42:41
776827,求生匕首（★） | 渐变之色 (崭新出厂),¥ 1980,2025-07-18,2025-07-19 11:42:41
776827,求生匕首（★） | 渐变之色 (崭新出厂),¥ 2178,2025-07-18,2025-07-19 11:42:41
776827,求生匕首（★） | 渐变之色 (崭新出厂),¥ 2113,2025-07-18,2025-07-19 11:42:41
776827,求生匕首（★） | 渐变之色 (崭新出厂),¥ 2170,2025-07-16,2025-07-19 11:42:41
769513,短剑（★） | 大马士革钢 (久经沙场),¥ 2170,2025-07-19,2025-07-19 11:42:56
769513,短剑（★） | 大马士革钢 (久经沙场),¥ 2270,2025-07-19,2025-07-19 11:42:56
769513,短剑（★） | 大马士革钢 (久经沙场),¥ 2300,2025-07-18,2025-07-19 11:42:56
769513,短剑（★） | 大马士革钢 (久经沙场),¥ 2299,2025-07-18,2025-07-19 11:42:56
769513,短剑（★） | 大马士革钢 (久经沙场),¥ 2310,2025-07-18,2025-07-19 11:42:56
769513,短剑（★） | 大马士革钢 (久经沙场),¥ 2250,2025-07-18,2025-07-19 11:42:56
769513,短剑（★） | 大马士革钢 (久经沙场),¥ 2340,2025-07-18,2025-07-19 11:42:56
769513,短剑（★） | 大马士革钢 (久经沙场),¥ 2380,2025-07-16,2025-07-19 11:42:56
769513,短剑（★） | 大马士革钢 (久经沙场),¥ 2370,2025-07-16,2025-07-19 11:42:56
956741,廓尔喀刀（★） | 深红之网 (破损不堪),¥ 1255.99,2025-07-19,2025-07-19 11:43:23
956741,廓尔喀刀（★） | 深红之网 (破损不堪),¥ 1260,2025-07-19,2025-07-19 11:43:23
956741,廓尔喀刀（★） | 深红之网 (破损不堪),¥ 1120,2025-07-19,2025-07-19 11:43:23
956741,廓尔喀刀（★） | 深红之网 (破损不堪),¥ 1255.49,2025-07-18,2025-07-19 11:43:23
956741,廓尔喀刀（★） | 深红之网 (破损不堪),¥ 1273,2025-07-18,2025-07-19 11:43:23
956741,廓尔喀刀（★） | 深红之网 (破损不堪),¥ 1350,2025-07-18,2025-07-19 11:43:23
956741,廓尔喀刀（★） | 深红之网 (破损不堪),¥ 1287.5,2025-07-18,2025-07-19 11:43:23
956741,廓尔喀刀（★） | 深红之网 (破损不堪),¥ 1273,2025-07-17,2025-07-19 11:43:23
956741,廓尔喀刀（★） | 深红之网 (破损不堪),¥ 1346,2025-07-16,2025-07-19 11:43:23
956741,廓尔喀刀（★） | 深红之网 (破损不堪),¥ 1350,2025-07-15,2025-07-19 11:43:23
42720,折叠刀（★） | 多普勒 (崭新出厂),¥ 23600,2025-07-19,2025-07-19 11:43:31
42720,折叠刀（★） | 多普勒 (崭新出厂),¥ 4700,2025-07-19,2025-07-19 11:43:31
42720,折叠刀（★） | 多普勒 (崭新出厂),¥ 6880,2025-07-19,2025-07-19 11:43:31
42720,折叠刀（★） | 多普勒 (崭新出厂),¥ 4279,2025-07-18,2025-07-19 11:43:31
42720,折叠刀（★） | 多普勒 (崭新出厂),¥ 4288,2025-07-18,2025-07-19 11:43:31
42720,折叠刀（★） | 多普勒 (崭新出厂),¥ 4200,2025-07-18,2025-07-19 11:43:31
42720,折叠刀（★） | 多普勒 (崭新出厂),¥ 4210,2025-07-18,2025-07-19 11:43:31
42720,折叠刀（★） | 多普勒 (崭新出厂),¥ 4369,2025-07-18,2025-07-19 11:43:31
42720,折叠刀（★） | 多普勒 (崭新出厂),¥ 4230,2025-07-18,2025-07-19 11:43:31
42720,折叠刀（★） | 多普勒 (崭新出厂),¥ 4200,2025-07-17,2025-07-19 11:43:31
776581,流浪者匕首（★） | 夜色 (久经沙场),¥ 1300,2025-07-19,2025-07-19 11:43:39
776581,流浪者匕首（★） | 夜色 (久经沙场),¥ 1253,2025-07-19,2025-07-19 11:43:39
776581,流浪者匕首（★） | 夜色 (久经沙场),¥ 1100,2025-07-18,2025-07-19 11:43:39
776581,流浪者匕首（★） | 夜色 (久经沙场),¥ 1240,2025-07-18,2025-07-19 11:43:39
776581,流浪者匕首（★） | 夜色 (久经沙场),¥ 1270,2025-07-18,2025-07-19 11:43:39
776581,流浪者匕首（★） | 夜色 (久经沙场),¥ 1250,2025-07-18,2025-07-19 11:43:39
776581,流浪者匕首（★） | 夜色 (久经沙场),¥ 1265,2025-07-18,2025-07-19 11:43:39
776581,流浪者匕首（★） | 夜色 (久经沙场),¥ 1200,2025-07-18,2025-07-19 11:43:39
776581,流浪者匕首（★） | 夜色 (久经沙场),¥ 1299,2025-07-18,2025-07-19 11:43:39
776581,流浪者匕首（★） | 夜色 (久经沙场),¥ 1335,2025-07-16,2025-07-19 11:43:39
872010,蝴蝶刀（★） | 传说 (破损不堪),¥ 7855,2025-07-19,2025-07-19 11:44:10
872010,蝴蝶刀（★） | 传说 (破损不堪),¥ 7820,2025-07-18,2025-07-19 11:44:10
872010,蝴蝶刀（★） | 传说 (破损不堪),¥ 7800,2025-07-18,2025-07-19 11:44:10
872010,蝴蝶刀（★） | 传说 (破损不堪),¥ 7970,2025-07-17,2025-07-19 11:44:10
872010,蝴蝶刀（★） | 传说 (破损不堪),¥ 8000,2025-07-16,2025-07-19 11:44:10
872010,蝴蝶刀（★） | 传说 (破损不堪),¥ 8070,2025-07-15,2025-07-19 11:44:10
872010,蝴蝶刀（★） | 传说 (破损不堪),¥ 7740,2025-07-15,2025-07-19 11:44:10
43123,M9 刺刀（★） | 枯焦之色 (战痕累累),¥ 4050,2025-07-17,2025-07-19 11:44:23
43123,M9 刺刀（★） | 枯焦之色 (战痕累累),¥ 4150,2025-07-17,2025-07-19 11:44:23
43123,M9 刺刀（★） | 枯焦之色 (战痕累累),¥ 3910,2025-07-16,2025-07-19 11:44:23
43123,M9 刺刀（★） | 枯焦之色 (战痕累累),¥ 4115,2025-07-14,2025-07-19 11:44:23
43123,M9 刺刀（★） | 枯焦之色 (战痕累累),¥ 4000,2025-07-14,2025-07-19 11:44:23
43123,M9 刺刀（★） | 枯焦之色 (战痕累累),¥ 4080,2025-07-13,2025-07-19 11:44:23
43123,M9 刺刀（★） | 枯焦之色 (战痕累累),¥ 4220,2025-07-12,2025-07-19 11:44:23
43123,M9 刺刀（★） | 枯焦之色 (战痕累累),¥ 4760,2025-07-11,2025-07-19 11:44:23
43123,M9 刺刀（★） | 枯焦之色 (战痕累累),¥ 4350,2025-07-10,2025-07-19 11:44:23
43123,M9 刺刀（★） | 枯焦之色 (战痕累累),¥ 4266,2025-07-07,2025-07-19 11:44:23
42584,蝴蝶刀（★） | 人工染色 (久经沙场),¥ 7800,2025-07-19,2025-07-19 11:44:29
42584,蝴蝶刀（★） | 人工染色 (久经沙场),¥ 7790,2025-07-18,2025-07-19 11:44:29
42584,蝴蝶刀（★） | 人工染色 (久经沙场),¥ 7980,2025-07-16,2025-07-19 11:44:29
42584,蝴蝶刀（★） | 人工染色 (久经沙场),¥ 8080,2025-07-16,2025-07-19 11:44:29
42584,蝴蝶刀（★） | 人工染色 (久经沙场),¥ 8099,2025-07-15,2025-07-19 11:44:29
42584,蝴蝶刀（★） | 人工染色 (久经沙场),¥ 8050,2025-07-15,2025-07-19 11:44:29
42584,蝴蝶刀（★） | 人工染色 (久经沙场),¥ 8000,2025-07-15,2025-07-19 11:44:29
42584,蝴蝶刀（★） | 人工染色 (久经沙场),¥ 8150,2025-07-14,2025-07-19 11:44:29
42584,蝴蝶刀（★） | 人工染色 (久经沙场),¥ 7850,2025-07-14,2025-07-19 11:44:29
42584,蝴蝶刀（★） | 人工染色 (久经沙场),¥ 7950,2025-07-13,2025-07-19 11:44:29
871874,蝴蝶刀（★） | 自由之手 (略有磨损),¥ 8800,2025-07-19,2025-07-19 11:44:42
871874,蝴蝶刀（★） | 自由之手 (略有磨损),¥ 8888,2025-07-19,2025-07-19 11:44:42
871874,蝴蝶刀（★） | 自由之手 (略有磨损),¥ 8700,2025-07-18,2025-07-19 11:44:42
871874,蝴蝶刀（★） | 自由之手 (略有磨损),¥ 8689.5,2025-07-18,2025-07-19 11:44:42
871874,蝴蝶刀（★） | 自由之手 (略有磨损),¥ 8200,2025-07-17,2025-07-19 11:44:42
871874,蝴蝶刀（★） | 自由之手 (略有磨损),¥ 8199.5,2025-07-17,2025-07-19 11:44:42
871874,蝴蝶刀（★） | 自由之手 (略有磨损),¥ 8988,2025-07-16,2025-07-19 11:44:42
871874,蝴蝶刀（★） | 自由之手 (略有磨损),¥ 9150,2025-07-16,2025-07-19 11:44:42
871874,蝴蝶刀（★） | 自由之手 (略有磨损),¥ 9117,2025-07-15,2025-07-19 11:44:42
871874,蝴蝶刀（★） | 自由之手 (略有磨损),¥ 9080,2025-07-15,2025-07-19 11:44:42
43023,爪子刀（★） | 外表生锈 (战痕累累),¥ 6285,2025-07-19,2025-07-19 11:44:49
43023,爪子刀（★） | 外表生锈 (战痕累累),¥ 6198,2025-07-18,2025-07-19 11:44:49
43023,爪子刀（★） | 外表生锈 (战痕累累),¥ 6166,2025-07-17,2025-07-19 11:44:49
43023,爪子刀（★） | 外表生锈 (战痕累累),¥ 5820,2025-07-17,2025-07-19 11:44:49
43023,爪子刀（★） | 外表生锈 (战痕累累),¥ 6200,2025-07-17,2025-07-19 11:44:49
43023,爪子刀（★） | 外表生锈 (战痕累累),¥ 6490,2025-07-16,2025-07-19 11:44:49
43023,爪子刀（★） | 外表生锈 (战痕累累),¥ 6500,2025-07-16,2025-07-19 11:44:49
43023,爪子刀（★） | 外表生锈 (战痕累累),¥ 6000,2025-07-16,2025-07-19 11:44:49
43023,爪子刀（★） | 外表生锈 (战痕累累),¥ 6360,2025-07-16,2025-07-19 11:44:49
43023,爪子刀（★） | 外表生锈 (战痕累累),¥ 7500,2025-07-15,2025-07-19 11:44:49
759805,短剑（★） | 都市伪装 (略有磨损),¥ 1980,2025-07-18,2025-07-19 11:44:55
759805,短剑（★） | 都市伪装 (略有磨损),¥ 2999,2025-07-15,2025-07-19 11:44:55
759805,短剑（★） | 都市伪装 (略有磨损),¥ 2048,2025-07-14,2025-07-19 11:44:55
759805,短剑（★） | 都市伪装 (略有磨损),¥ 2043,2025-07-13,2025-07-19 11:44:55
759805,短剑（★） | 都市伪装 (略有磨损),¥ 2200,2025-07-13,2025-07-19 11:44:55
759805,短剑（★） | 都市伪装 (略有磨损),¥ 2044.5,2025-07-13,2025-07-19 11:44:55
759805,短剑（★） | 都市伪装 (略有磨损),¥ 2043.5,2025-07-12,2025-07-19 11:44:55
759805,短剑（★） | 都市伪装 (略有磨损),¥ 2044.5,2025-07-12,2025-07-19 11:44:55
759805,短剑（★） | 都市伪装 (略有磨损),¥ 2047,2025-07-12,2025-07-19 11:44:55
769497,短剑（★） | 渐变大理石 (崭新出厂),¥ 4000,2025-07-19,2025-07-19 11:45:37
769497,短剑（★） | 渐变大理石 (崭新出厂),¥ 3995.1,2025-07-19,2025-07-19 11:45:37
769497,短剑（★） | 渐变大理石 (崭新出厂),¥ 4088,2025-07-19,2025-07-19 11:45:37
769497,短剑（★） | 渐变大理石 (崭新出厂),¥ 4050,2025-07-19,2025-07-19 11:45:37
769497,短剑（★） | 渐变大理石 (崭新出厂),¥ 3996,2025-07-19,2025-07-19 11:45:37
769497,短剑（★） | 渐变大理石 (崭新出厂),¥ 4000,2025-07-18,2025-07-19 11:45:37
769497,短剑（★） | 渐变大理石 (崭新出厂),¥ 3940,2025-07-18,2025-07-19 11:45:37
769497,短剑（★） | 渐变大理石 (崭新出厂),¥ 3950,2025-07-18,2025-07-19 11:45:37
769497,短剑（★） | 渐变大理石 (崭新出厂),¥ 3938.5,2025-07-18,2025-07-19 11:45:37
871888,蝴蝶刀（★） | 自由之手 (久经沙场),¥ 8159,2025-07-19,2025-07-19 11:45:59
871888,蝴蝶刀（★） | 自由之手 (久经沙场),¥ 8130,2025-07-19,2025-07-19 11:45:59
871888,蝴蝶刀（★） | 自由之手 (久经沙场),¥ 8200,2025-07-18,2025-07-19 11:45:59
871888,蝴蝶刀（★） | 自由之手 (久经沙场),¥ 8000,2025-07-18,2025-07-19 11:45:59
871888,蝴蝶刀（★） | 自由之手 (久经沙场),¥ 7880,2025-07-17,2025-07-19 11:45:59
871888,蝴蝶刀（★） | 自由之手 (久经沙场),¥ 7848,2025-07-17,2025-07-19 11:45:59
871888,蝴蝶刀（★） | 自由之手 (久经沙场),¥ 7855,2025-07-17,2025-07-19 11:45:59
871888,蝴蝶刀（★） | 自由之手 (久经沙场),¥ 7450,2025-07-17,2025-07-19 11:45:59
871888,蝴蝶刀（★） | 自由之手 (久经沙场),¥ 7875,2025-07-17,2025-07-19 11:45:59
43068,M9 刺刀（★） | 北方森林 (战痕累累),¥ 3430,2025-07-19,2025-07-19 11:46:18
43068,M9 刺刀（★） | 北方森林 (战痕累累),¥ 4050,2025-07-14,2025-07-19 11:46:18
43068,M9 刺刀（★） | 北方森林 (战痕累累),¥ 3730,2025-07-13,2025-07-19 11:46:18
43068,M9 刺刀（★） | 北方森林 (战痕累累),¥ 3999,2025-07-11,2025-07-19 11:46:18
43068,M9 刺刀（★） | 北方森林 (战痕累累),¥ 4300,2025-07-10,2025-07-19 11:46:18
43068,M9 刺刀（★） | 北方森林 (战痕累累),¥ 3800,2025-07-10,2025-07-19 11:46:18
43068,M9 刺刀（★） | 北方森林 (战痕累累),¥ 3999,2025-07-09,2025-07-19 11:46:18
43068,M9 刺刀（★） | 北方森林 (战痕累累),¥ 3899.5,2025-07-09,2025-07-19 11:46:18
43068,M9 刺刀（★） | 北方森林 (战痕累累),¥ 3888,2025-07-09,2025-07-19 11:46:18
43068,M9 刺刀（★） | 北方森林 (战痕累累),¥ 3760,2025-07-08,2025-07-19 11:46:18
43083,M9 刺刀（★） | 深红之网 (久经沙场),¥ 5591.8,2025-07-19,2025-07-19 11:46:25
43083,M9 刺刀（★） | 深红之网 (久经沙场),¥ 5600,2025-07-19,2025-07-19 11:46:25
43083,M9 刺刀（★） | 深红之网 (久经沙场),¥ 7300,2025-07-18,2025-07-19 11:46:25
43083,M9 刺刀（★） | 深红之网 (久经沙场),¥ 7319,2025-07-18,2025-07-19 11:46:25
43083,M9 刺刀（★） | 深红之网 (久经沙场),¥ 6050,2025-07-18,2025-07-19 11:46:25
43083,M9 刺刀（★） | 深红之网 (久经沙场),¥ 6530,2025-07-18,2025-07-19 11:46:25
43083,M9 刺刀（★） | 深红之网 (久经沙场),¥ 5870,2025-07-17,2025-07-19 11:46:25
43083,M9 刺刀（★） | 深红之网 (久经沙场),¥ 6360,2025-07-16,2025-07-19 11:46:25
43083,M9 刺刀（★） | 深红之网 (久经沙场),¥ 6000,2025-07-15,2025-07-19 11:46:25
43083,M9 刺刀（★） | 深红之网 (久经沙场),¥ 6010,2025-07-15,2025-07-19 11:46:25
871861,鲍伊猎刀（★） | 伽玛多普勒 (崭新出厂),¥ 2900,2025-07-18,2025-07-19 11:46:40
871861,鲍伊猎刀（★） | 伽玛多普勒 (崭新出厂),¥ 2850,2025-07-18,2025-07-19 11:46:40
871861,鲍伊猎刀（★） | 伽玛多普勒 (崭新出厂),¥ 2880,2025-07-18,2025-07-19 11:46:40
871861,鲍伊猎刀（★） | 伽玛多普勒 (崭新出厂),¥ 2949,2025-07-18,2025-07-19 11:46:40
871861,鲍伊猎刀（★） | 伽玛多普勒 (崭新出厂),¥ 2990,2025-07-18,2025-07-19 11:46:40
871861,鲍伊猎刀（★） | 伽玛多普勒 (崭新出厂),¥ 2928.5,2025-07-18,2025-07-19 11:46:40
871861,鲍伊猎刀（★） | 伽玛多普勒 (崭新出厂),¥ 3250,2025-07-18,2025-07-19 11:46:40
871861,鲍伊猎刀（★） | 伽玛多普勒 (崭新出厂),¥ 2899.99,2025-07-18,2025-07-19 11:46:40
773807,海豹短刀（★） | 夜色 (久经沙场),¥ 1120,2025-07-19,2025-07-19 11:46:49
773807,海豹短刀（★） | 夜色 (久经沙场),¥ 1280,2025-07-18,2025-07-19 11:46:49
773807,海豹短刀（★） | 夜色 (久经沙场),¥ 1300,2025-07-18,2025-07-19 11:46:49
773807,海豹短刀（★） | 夜色 (久经沙场),¥ 1210,2025-07-18,2025-07-19 11:46:49
773807,海豹短刀（★） | 夜色 (久经沙场),¥ 1190,2025-07-18,2025-07-19 11:46:49
773807,海豹短刀（★） | 夜色 (久经沙场),¥ 1330,2025-07-18,2025-07-19 11:46:49
773807,海豹短刀（★） | 夜色 (久经沙场),¥ 1299,2025-07-17,2025-07-19 11:46:49
773807,海豹短刀（★） | 夜色 (久经沙场),¥ 1350,2025-07-16,2025-07-19 11:46:49
773807,海豹短刀（★） | 夜色 (久经沙场),¥ 1220,2025-07-16,2025-07-19 11:46:49
773807,海豹短刀（★） | 夜色 (久经沙场),¥ 1300,2025-07-15,2025-07-19 11:46:49
42569,蝴蝶刀（★） | 外表生锈 (战痕累累),¥ 7138,2025-07-19,2025-07-19 11:46:55
42569,蝴蝶刀（★） | 外表生锈 (战痕累累),¥ 7100,2025-07-19,2025-07-19 11:46:55
42569,蝴蝶刀（★） | 外表生锈 (战痕累累),¥ 6960,2025-07-18,2025-07-19 11:46:55
42569,蝴蝶刀（★） | 外表生锈 (战痕累累),¥ 7100,2025-07-18,2025-07-19 11:46:55
42569,蝴蝶刀（★） | 外表生锈 (战痕累累),¥ 7240,2025-07-18,2025-07-19 11:46:55
42569,蝴蝶刀（★） | 外表生锈 (战痕累累),¥ 7300,2025-07-18,2025-07-19 11:46:55
42569,蝴蝶刀（★） | 外表生锈 (战痕累累),¥ 7188.75,2025-07-18,2025-07-19 11:46:55
42569,蝴蝶刀（★） | 外表生锈 (战痕累累),¥ 8688,2025-07-18,2025-07-19 11:46:55
42569,蝴蝶刀（★） | 外表生锈 (战痕累累),¥ 7099,2025-07-17,2025-07-19 11:46:55
42569,蝴蝶刀（★） | 外表生锈 (战痕累累),¥ 7050,2025-07-17,2025-07-19 11:46:55
769529,短剑（★） | 外表生锈 (破损不堪),¥ 1760,2025-07-18,2025-07-19 11:47:02
769529,短剑（★） | 外表生锈 (破损不堪),¥ 1890,2025-07-14,2025-07-19 11:47:02
769529,短剑（★） | 外表生锈 (破损不堪),¥ 1810,2025-07-13,2025-07-19 11:47:02
769529,短剑（★） | 外表生锈 (破损不堪),¥ 1900,2025-07-13,2025-07-19 11:47:02
769529,短剑（★） | 外表生锈 (破损不堪),¥ 1888,2025-07-12,2025-07-19 11:47:02
769529,短剑（★） | 外表生锈 (破损不堪),¥ 1887,2025-07-11,2025-07-19 11:47:02
769529,短剑（★） | 外表生锈 (破损不堪),¥ 1875,2025-07-10,2025-07-19 11:47:02
769529,短剑（★） | 外表生锈 (破损不堪),¥ 1906,2025-07-08,2025-07-19 11:47:02
769529,短剑（★） | 外表生锈 (破损不堪),¥ 1930,2025-07-05,2025-07-19 11:47:02
769529,短剑（★） | 外表生锈 (破损不堪),¥ 1830,2025-07-05,2025-07-19 11:47:02
42971,爪子刀（★） | 蓝钢 (战痕累累),¥ 8150,2025-07-18,2025-07-19 11:47:11
42971,爪子刀（★） | 蓝钢 (战痕累累),¥ 8698,2025-07-16,2025-07-19 11:47:11
42971,爪子刀（★） | 蓝钢 (战痕累累),¥ 8850,2025-07-16,2025-07-19 11:47:11
42971,爪子刀（★） | 蓝钢 (战痕累累),¥ 8865.5,2025-07-15,2025-07-19 11:47:11
42971,爪子刀（★） | 蓝钢 (战痕累累),¥ 8869.5,2025-07-14,2025-07-19 11:47:11
42971,爪子刀（★） | 蓝钢 (战痕累累),¥ 8410,2025-07-14,2025-07-19 11:47:11
42971,爪子刀（★） | 蓝钢 (战痕累累),¥ 8867,2025-07-13,2025-07-19 11:47:11
42971,爪子刀（★） | 蓝钢 (战痕累累),¥ 8860,2025-07-12,2025-07-19 11:47:11
42971,爪子刀（★） | 蓝钢 (战痕累累),¥ 8869.39,2025-07-12,2025-07-19 11:47:11
42971,爪子刀（★） | 蓝钢 (战痕累累),¥ 8850,2025-07-12,2025-07-19 11:47:11
769517,锯齿爪刀（★） | 渐变大理石 (崭新出厂),¥ 6980,2025-07-18,2025-07-19 11:47:32
769517,锯齿爪刀（★） | 渐变大理石 (崭新出厂),¥ 6900,2025-07-18,2025-07-19 11:47:32
769517,锯齿爪刀（★） | 渐变大理石 (崭新出厂),¥ 6800,2025-07-18,2025-07-19 11:47:32
769517,锯齿爪刀（★） | 渐变大理石 (崭新出厂),¥ 7075,2025-07-18,2025-07-19 11:47:32
769517,锯齿爪刀（★） | 渐变大理石 (崭新出厂),¥ 6777,2025-07-18,2025-07-19 11:47:32
769517,锯齿爪刀（★） | 渐变大理石 (崭新出厂),¥ 8236.66,2025-07-16,2025-07-19 11:47:32
769517,锯齿爪刀（★） | 渐变大理石 (崭新出厂),¥ 7000,2025-07-16,2025-07-19 11:47:32
1115752,流浪者匕首（★） | 虎牙 (崭新出厂),¥ 3448.99,2025-07-19,2025-07-19 11:47:40
1115752,流浪者匕首（★） | 虎牙 (崭新出厂),¥ 3499,2025-07-19,2025-07-19 11:47:40
1115752,流浪者匕首（★） | 虎牙 (崭新出厂),¥ 3450,2025-07-19,2025-07-19 11:47:40
1115752,流浪者匕首（★） | 虎牙 (崭新出厂),¥ 3200,2025-07-19,2025-07-19 11:47:40
1115752,流浪者匕首（★） | 虎牙 (崭新出厂),¥ 3390,2025-07-19,2025-07-19 11:47:40
1115752,流浪者匕首（★） | 虎牙 (崭新出厂),¥ 3400,2025-07-18,2025-07-19 11:47:40
1115752,流浪者匕首（★） | 虎牙 (崭新出厂),¥ 3349,2025-07-18,2025-07-19 11:47:40
1115752,流浪者匕首（★） | 虎牙 (崭新出厂),¥ 3300,2025-07-18,2025-07-19 11:47:40
43107,M9 刺刀（★） | 传说 (久经沙场),¥ 7800,2025-07-19,2025-07-19 11:47:53
43107,M9 刺刀（★） | 传说 (久经沙场),¥ 7780,2025-07-18,2025-07-19 11:47:53
43107,M9 刺刀（★） | 传说 (久经沙场),¥ 7200,2025-07-18,2025-07-19 11:47:53
43107,M9 刺刀（★） | 传说 (久经沙场),¥ 6978.5,2025-07-18,2025-07-19 11:47:53
43107,M9 刺刀（★） | 传说 (久经沙场),¥ 7000,2025-07-18,2025-07-19 11:47:53
43107,M9 刺刀（★） | 传说 (久经沙场),¥ 7050,2025-07-18,2025-07-19 11:47:53
43107,M9 刺刀（★） | 传说 (久经沙场),¥ 7800,2025-07-18,2025-07-19 11:47:53
43107,M9 刺刀（★） | 传说 (久经沙场),¥ 7200,2025-07-16,2025-07-19 11:47:53
43107,M9 刺刀（★） | 传说 (久经沙场),¥ 7880,2025-07-16,2025-07-19 11:47:53
43107,M9 刺刀（★） | 传说 (久经沙场),¥ 7100,2025-07-15,2025-07-19 11:47:53
43810,M9 刺刀（★ StatTrak™） | 自由之手 (久经沙场),¥ 4850,2025-07-18,2025-07-19 11:48:07
43810,M9 刺刀（★ StatTrak™） | 自由之手 (久经沙场),¥ 4850,2025-07-17,2025-07-19 11:48:07
43810,M9 刺刀（★ StatTrak™） | 自由之手 (久经沙场),¥ 4950,2025-07-15,2025-07-19 11:48:07
43810,M9 刺刀（★ StatTrak™） | 自由之手 (久经沙场),¥ 4850,2025-07-12,2025-07-19 11:48:07
43810,M9 刺刀（★ StatTrak™） | 自由之手 (久经沙场),¥ 4640,2025-07-12,2025-07-19 11:48:07
43810,M9 刺刀（★ StatTrak™） | 自由之手 (久经沙场),¥ 5000,2025-07-10,2025-07-19 11:48:07
43810,M9 刺刀（★ StatTrak™） | 自由之手 (久经沙场),¥ 4888,2025-07-10,2025-07-19 11:48:07
43810,M9 刺刀（★ StatTrak™） | 自由之手 (久经沙场),¥ 5000,2025-07-07,2025-07-19 11:48:07
43810,M9 刺刀（★ StatTrak™） | 自由之手 (久经沙场),¥ 4910,2025-07-07,2025-07-19 11:48:07
43810,M9 刺刀（★ StatTrak™） | 自由之手 (久经沙场),¥ 4888.38,2025-07-06,2025-07-19 11:48:07
759525,熊刀（★） | 表面淬火 (久经沙场),¥ 1500,2025-07-17,2025-07-19 11:48:15
759525,熊刀（★） | 表面淬火 (久经沙场),¥ 1240,2025-07-17,2025-07-19 11:48:15
759525,熊刀（★） | 表面淬火 (久经沙场),¥ 1426,2025-07-16,2025-07-19 11:48:15
759525,熊刀（★） | 表面淬火 (久经沙场),¥ 1439.98,2025-07-15,2025-07-19 11:48:15
759525,熊刀（★） | 表面淬火 (久经沙场),¥ 1500,2025-07-15,2025-07-19 11:48:15
759525,熊刀（★） | 表面淬火 (久经沙场),¥ 1625,2025-07-14,2025-07-19 11:48:15
759525,熊刀（★） | 表面淬火 (久经沙场),¥ 1420,2025-07-14,2025-07-19 11:48:15
759525,熊刀（★） | 表面淬火 (久经沙场),¥ 1390,2025-07-14,2025-07-19 11:48:15
759525,熊刀（★） | 表面淬火 (久经沙场),¥ 1437,2025-07-14,2025-07-19 11:48:15
43009,爪子刀（★） | 自由之手 (略有磨损),¥ 7200,2025-07-18,2025-07-19 11:48:34
43009,爪子刀（★） | 自由之手 (略有磨损),¥ 7250,2025-07-18,2025-07-19 11:48:34
43009,爪子刀（★） | 自由之手 (略有磨损),¥ 7100,2025-07-17,2025-07-19 11:48:34
43009,爪子刀（★） | 自由之手 (略有磨损),¥ 7100,2025-07-16,2025-07-19 11:48:34
43009,爪子刀（★） | 自由之手 (略有磨损),¥ 7050,2025-07-15,2025-07-19 11:48:34
43009,爪子刀（★） | 自由之手 (略有磨损),¥ 7450,2025-07-15,2025-07-19 11:48:34
43009,爪子刀（★） | 自由之手 (略有磨损),¥ 7295,2025-07-14,2025-07-19 11:48:34
43009,爪子刀（★） | 自由之手 (略有磨损),¥ 7300,2025-07-14,2025-07-19 11:48:34
43009,爪子刀（★） | 自由之手 (略有磨损),¥ 7199,2025-07-13,2025-07-19 11:48:34
43009,爪子刀（★） | 自由之手 (略有磨损),¥ 7180,2025-07-13,2025-07-19 11:48:34
769502,锯齿爪刀（★） | 致命紫罗兰 (久经沙场),¥ 3279,2025-07-18,2025-07-19 11:48:40
769502,锯齿爪刀（★） | 致命紫罗兰 (久经沙场),¥ 3277,2025-07-18,2025-07-19 11:48:40
769502,锯齿爪刀（★） | 致命紫罗兰 (久经沙场),¥ 3000,2025-07-18,2025-07-19 11:48:40
769502,锯齿爪刀（★） | 致命紫罗兰 (久经沙场),¥ 2950,2025-07-18,2025-07-19 11:48:40
769502,锯齿爪刀（★） | 致命紫罗兰 (久经沙场),¥ 3088,2025-07-18,2025-07-19 11:48:40
769502,锯齿爪刀（★） | 致命紫罗兰 (久经沙场),¥ 3033.99,2025-07-17,2025-07-19 11:48:40
769502,锯齿爪刀（★） | 致命紫罗兰 (久经沙场),¥ 3135,2025-07-16,2025-07-19 11:48:40
769502,锯齿爪刀（★） | 致命紫罗兰 (久经沙场),¥ 3200,2025-07-16,2025-07-19 11:48:40
769502,锯齿爪刀（★） | 致命紫罗兰 (久经沙场),¥ 3447,2025-07-16,2025-07-19 11:48:40
769502,锯齿爪刀（★） | 致命紫罗兰 (久经沙场),¥ 3223,2025-07-15,2025-07-19 11:48:40
1115719,骷髅匕首（★） | 虎牙 (崭新出厂),¥ 5249,2025-07-18,2025-07-19 11:48:46
1115719,骷髅匕首（★） | 虎牙 (崭新出厂),¥ 5188,2025-07-18,2025-07-19 11:48:46
1115719,骷髅匕首（★） | 虎牙 (崭新出厂),¥ 5228,2025-07-18,2025-07-19 11:48:46
1115719,骷髅匕首（★） | 虎牙 (崭新出厂),¥ 5200,2025-07-18,2025-07-19 11:48:46
1115719,骷髅匕首（★） | 虎牙 (崭新出厂),¥ 5078,2025-07-17,2025-07-19 11:48:46
1115719,骷髅匕首（★） | 虎牙 (崭新出厂),¥ 4980,2025-07-17,2025-07-19 11:48:46
1115719,骷髅匕首（★） | 虎牙 (崭新出厂),¥ 5350,2025-07-16,2025-07-19 11:48:46
1115719,骷髅匕首（★） | 虎牙 (崭新出厂),¥ 5420,2025-07-16,2025-07-19 11:48:46
1115719,骷髅匕首（★） | 虎牙 (崭新出厂),¥ 5220,2025-07-16,2025-07-19 11:48:46
1115719,骷髅匕首（★） | 虎牙 (崭新出厂),¥ 5550,2025-07-16,2025-07-19 11:48:46
42961,爪子刀（★）,¥ 17000,2025-07-18,2025-07-19 11:48:54
42961,爪子刀（★）,¥ 16988,2025-07-18,2025-07-19 11:48:54
42961,爪子刀（★）,¥ 17300,2025-07-18,2025-07-19 11:48:54
42961,爪子刀（★）,¥ 16598,2025-07-18,2025-07-19 11:48:54
42961,爪子刀（★）,¥ 16450,2025-07-17,2025-07-19 11:48:54
42961,爪子刀（★）,¥ 16397.5,2025-07-17,2025-07-19 11:48:54
42961,爪子刀（★）,¥ 16599.5,2025-07-16,2025-07-19 11:48:54
42961,爪子刀（★）,¥ 16584.5,2025-07-16,2025-07-19 11:48:54
42961,爪子刀（★）,¥ 15900,2025-07-16,2025-07-19 11:48:54
42961,爪子刀（★）,¥ 15800,2025-07-16,2025-07-19 11:48:54
42538,蝴蝶刀（★） | 北方森林 (久经沙场),¥ 5827.5,2025-07-18,2025-07-19 11:49:08
42538,蝴蝶刀（★） | 北方森林 (久经沙场),¥ 5800,2025-07-18,2025-07-19 11:49:08
42538,蝴蝶刀（★） | 北方森林 (久经沙场),¥ 6000,2025-07-18,2025-07-19 11:49:08
42538,蝴蝶刀（★） | 北方森林 (久经沙场),¥ 5828,2025-07-18,2025-07-19 11:49:08
42538,蝴蝶刀（★） | 北方森林 (久经沙场),¥ 5930,2025-07-16,2025-07-19 11:49:08
42538,蝴蝶刀（★） | 北方森林 (久经沙场),¥ 6120,2025-07-15,2025-07-19 11:49:08
42538,蝴蝶刀（★） | 北方森林 (久经沙场),¥ 6230,2025-07-15,2025-07-19 11:49:08
42538,蝴蝶刀（★） | 北方森林 (久经沙场),¥ 6080,2025-07-15,2025-07-19 11:49:08
1116167,流浪者匕首（★） | 渐变大理石 (崭新出厂),¥ 4199,2025-07-19,2025-07-19 11:49:15
1116167,流浪者匕首（★） | 渐变大理石 (崭新出厂),¥ 4150,2025-07-19,2025-07-19 11:49:15
1116167,流浪者匕首（★） | 渐变大理石 (崭新出厂),¥ 4100,2025-07-19,2025-07-19 11:49:15
1116167,流浪者匕首（★） | 渐变大理石 (崭新出厂),¥ 4080,2025-07-18,2025-07-19 11:49:15
1116167,流浪者匕首（★） | 渐变大理石 (崭新出厂),¥ 4150,2025-07-18,2025-07-19 11:49:15
1116167,流浪者匕首（★） | 渐变大理石 (崭新出厂),¥ 4147,2025-07-18,2025-07-19 11:49:15
1116167,流浪者匕首（★） | 渐变大理石 (崭新出厂),¥ 4114.99,2025-07-18,2025-07-19 11:49:15
1116167,流浪者匕首（★） | 渐变大理石 (崭新出厂),¥ 4100,2025-07-18,2025-07-19 11:49:15
43142,M9 刺刀（★） | 都市伪装 (战痕累累),¥ 4299.9,2025-07-18,2025-07-19 11:49:23
43142,M9 刺刀（★） | 都市伪装 (战痕累累),¥ 4900,2025-07-16,2025-07-19 11:49:23
43142,M9 刺刀（★） | 都市伪装 (战痕累累),¥ 4888,2025-07-15,2025-07-19 11:49:23
43142,M9 刺刀（★） | 都市伪装 (战痕累累),¥ 5000,2025-07-15,2025-07-19 11:49:23
43142,M9 刺刀（★） | 都市伪装 (战痕累累),¥ 4194.5,2025-07-14,2025-07-19 11:49:23
43142,M9 刺刀（★） | 都市伪装 (战痕累累),¥ 4000,2025-07-13,2025-07-19 11:49:23
43142,M9 刺刀（★） | 都市伪装 (战痕累累),¥ 4156.84,2025-07-13,2025-07-19 11:49:23
43142,M9 刺刀（★） | 都市伪装 (战痕累累),¥ 4050,2025-07-12,2025-07-19 11:49:23
43142,M9 刺刀（★） | 都市伪装 (战痕累累),¥ 4150,2025-07-12,2025-07-19 11:49:23
43142,M9 刺刀（★） | 都市伪装 (战痕累累),¥ 4200,2025-07-12,2025-07-19 11:49:23
776798,骷髅匕首（★） | 屠夫 (略有磨损),¥ 5200,2025-07-19,2025-07-19 11:49:32
776798,骷髅匕首（★） | 屠夫 (略有磨损),¥ 5190,2025-07-19,2025-07-19 11:49:32
776798,骷髅匕首（★） | 屠夫 (略有磨损),¥ 5130,2025-07-18,2025-07-19 11:49:32
776798,骷髅匕首（★） | 屠夫 (略有磨损),¥ 5100,2025-07-18,2025-07-19 11:49:32
776798,骷髅匕首（★） | 屠夫 (略有磨损),¥ 4998.5,2025-07-18,2025-07-19 11:49:32
776798,骷髅匕首（★） | 屠夫 (略有磨损),¥ 5000,2025-07-18,2025-07-19 11:49:32
776798,骷髅匕首（★） | 屠夫 (略有磨损),¥ 4996,2025-07-17,2025-07-19 11:49:32
776798,骷髅匕首（★） | 屠夫 (略有磨损),¥ 4995,2025-07-17,2025-07-19 11:49:32
776798,骷髅匕首（★） | 屠夫 (略有磨损),¥ 5300,2025-07-16,2025-07-19 11:49:32
42968,爪子刀（★） | 黑色层压板 (久经沙场),¥ 9488,2025-07-18,2025-07-19 11:49:45
42968,爪子刀（★） | 黑色层压板 (久经沙场),¥ 9200,2025-07-18,2025-07-19 11:49:45
42968,爪子刀（★） | 黑色层压板 (久经沙场),¥ 9850,2025-07-16,2025-07-19 11:49:45
42968,爪子刀（★） | 黑色层压板 (久经沙场),¥ 9899,2025-07-15,2025-07-19 11:49:45
42968,爪子刀（★） | 黑色层压板 (久经沙场),¥ 9888,2025-07-15,2025-07-19 11:49:45
42968,爪子刀（★） | 黑色层压板 (久经沙场),¥ 9600,2025-07-15,2025-07-19 11:49:45
42968,爪子刀（★） | 黑色层压板 (久经沙场),¥ 9950,2025-07-15,2025-07-19 11:49:45
42968,爪子刀（★） | 黑色层压板 (久经沙场),¥ 9900,2025-07-14,2025-07-19 11:49:45
42968,爪子刀（★） | 黑色层压板 (久经沙场),¥ 10000,2025-07-14,2025-07-19 11:49:45
42968,爪子刀（★） | 黑色层压板 (久经沙场),¥ 9900,2025-07-13,2025-07-19 11:49:45
776905,骷髅匕首（★） | 表面淬火 (破损不堪),¥ 2960,2025-07-18,2025-07-19 11:50:08
776905,骷髅匕首（★） | 表面淬火 (破损不堪),¥ 2860,2025-07-18,2025-07-19 11:50:08
776905,骷髅匕首（★） | 表面淬火 (破损不堪),¥ 2833,2025-07-18,2025-07-19 11:50:08
776905,骷髅匕首（★） | 表面淬火 (破损不堪),¥ 2500,2025-07-18,2025-07-19 11:50:08
776905,骷髅匕首（★） | 表面淬火 (破损不堪),¥ 2853.4,2025-07-17,2025-07-19 11:50:08
776905,骷髅匕首（★） | 表面淬火 (破损不堪),¥ 2720,2025-07-16,2025-07-19 11:50:08
776905,骷髅匕首（★） | 表面淬火 (破损不堪),¥ 2800,2025-07-16,2025-07-19 11:50:08
776905,骷髅匕首（★） | 表面淬火 (破损不堪),¥ 2930,2025-07-16,2025-07-19 11:50:08
776905,骷髅匕首（★） | 表面淬火 (破损不堪),¥ 3300,2025-07-15,2025-07-19 11:50:08
776905,骷髅匕首（★） | 表面淬火 (破损不堪),¥ 2889,2025-07-15,2025-07-19 11:50:08
42685,折叠刀（★） | 自动化 (久经沙场),¥ 2080,2025-07-19,2025-07-19 11:50:15
42685,折叠刀（★） | 自动化 (久经沙场),¥ 2077,2025-07-18,2025-07-19 11:50:15
42685,折叠刀（★） | 自动化 (久经沙场),¥ 2066,2025-07-18,2025-07-19 11:50:15
42685,折叠刀（★） | 自动化 (久经沙场),¥ 2200,2025-07-18,2025-07-19 11:50:15
42685,折叠刀（★） | 自动化 (久经沙场),¥ 2110,2025-07-18,2025-07-19 11:50:15
42685,折叠刀（★） | 自动化 (久经沙场),¥ 1990,2025-07-18,2025-07-19 11:50:15
42685,折叠刀（★） | 自动化 (久经沙场),¥ 2130,2025-07-18,2025-07-19 11:50:15
42685,折叠刀（★） | 自动化 (久经沙场),¥ 1900,2025-07-17,2025-07-19 11:50:15
42685,折叠刀（★） | 自动化 (久经沙场),¥ 2100,2025-07-17,2025-07-19 11:50:15
43019,爪子刀（★） | 噩梦之夜 (战痕累累),¥ 6100,2025-07-17,2025-07-19 11:50:29
43019,爪子刀（★） | 噩梦之夜 (战痕累累),¥ 6100,2025-07-16,2025-07-19 11:50:29
43019,爪子刀（★） | 噩梦之夜 (战痕累累),¥ 6185,2025-07-14,2025-07-19 11:50:29
43019,爪子刀（★） | 噩梦之夜 (战痕累累),¥ 6100,2025-07-14,2025-07-19 11:50:29
43019,爪子刀（★） | 噩梦之夜 (战痕累累),¥ 6180,2025-07-13,2025-07-19 11:50:29
43019,爪子刀（★） | 噩梦之夜 (战痕累累),¥ 6120,2025-07-11,2025-07-19 11:50:29
43019,爪子刀（★） | 噩梦之夜 (战痕累累),¥ 6170,2025-07-10,2025-07-19 11:50:29
43019,爪子刀（★） | 噩梦之夜 (战痕累累),¥ 6150,2025-07-10,2025-07-19 11:50:29
43019,爪子刀（★） | 噩梦之夜 (战痕累累),¥ 6229,2025-07-09,2025-07-19 11:50:29
43019,爪子刀（★） | 噩梦之夜 (战痕累累),¥ 6200,2025-07-06,2025-07-19 11:50:29
1116208,骷髅匕首（★） | 渐变大理石 (崭新出厂),¥ 6550,2025-07-18,2025-07-19 11:50:37
1116208,骷髅匕首（★） | 渐变大理石 (崭新出厂),¥ 6645,2025-07-18,2025-07-19 11:50:37
1116208,骷髅匕首（★） | 渐变大理石 (崭新出厂),¥ 6500,2025-07-18,2025-07-19 11:50:37
1116208,骷髅匕首（★） | 渐变大理石 (崭新出厂),¥ 6530,2025-07-18,2025-07-19 11:50:37
1116208,骷髅匕首（★） | 渐变大理石 (崭新出厂),¥ 6450,2025-07-18,2025-07-19 11:50:37
1116208,骷髅匕首（★） | 渐变大理石 (崭新出厂),¥ 6499,2025-07-18,2025-07-19 11:50:37
1116208,骷髅匕首（★） | 渐变大理石 (崭新出厂),¥ 6310,2025-07-17,2025-07-19 11:50:37
1116208,骷髅匕首（★） | 渐变大理石 (崭新出厂),¥ 6666,2025-07-16,2025-07-19 11:50:37
1116208,骷髅匕首（★） | 渐变大理石 (崭新出厂),¥ 6750,2025-07-16,2025-07-19 11:50:37
42501,鲍伊猎刀（★） | 外表生锈 (战痕累累),¥ 752.5,2025-07-19,2025-07-19 11:50:43
42501,鲍伊猎刀（★） | 外表生锈 (战痕累累),¥ 950,2025-07-19,2025-07-19 11:50:43
42501,鲍伊猎刀（★） | 外表生锈 (战痕累累),¥ 757,2025-07-19,2025-07-19 11:50:43
42501,鲍伊猎刀（★） | 外表生锈 (战痕累累),¥ 758,2025-07-19,2025-07-19 11:50:43
42501,鲍伊猎刀（★） | 外表生锈 (战痕累累),¥ 757,2025-07-18,2025-07-19 11:50:43
42501,鲍伊猎刀（★） | 外表生锈 (战痕累累),¥ 756.5,2025-07-18,2025-07-19 11:50:43
42501,鲍伊猎刀（★） | 外表生锈 (战痕累累),¥ 753,2025-07-18,2025-07-19 11:50:43
42501,鲍伊猎刀（★） | 外表生锈 (战痕累累),¥ 760,2025-07-18,2025-07-19 11:50:43
1115923,流浪者匕首（★） | 致命紫罗兰 (久经沙场),¥ 1700,2025-07-19,2025-07-19 11:50:51
1115923,流浪者匕首（★） | 致命紫罗兰 (久经沙场),¥ 1780,2025-07-19,2025-07-19 11:50:51
1115923,流浪者匕首（★） | 致命紫罗兰 (久经沙场),¥ 1900,2025-07-19,2025-07-19 11:50:51
1115923,流浪者匕首（★） | 致命紫罗兰 (久经沙场),¥ 1917,2025-07-18,2025-07-19 11:50:51
1115923,流浪者匕首（★） | 致命紫罗兰 (久经沙场),¥ 1911,2025-07-18,2025-07-19 11:50:51
1115923,流浪者匕首（★） | 致命紫罗兰 (久经沙场),¥ 1770,2025-07-18,2025-07-19 11:50:51
1115923,流浪者匕首（★） | 致命紫罗兰 (久经沙场),¥ 1766.6,2025-07-18,2025-07-19 11:50:51
1115923,流浪者匕首（★） | 致命紫罗兰 (久经沙场),¥ 1660,2025-07-17,2025-07-19 11:50:51
1115923,流浪者匕首（★） | 致命紫罗兰 (久经沙场),¥ 1798,2025-07-17,2025-07-19 11:50:51
1115923,流浪者匕首（★） | 致命紫罗兰 (久经沙场),¥ 1790,2025-07-17,2025-07-19 11:50:51
42389,刺刀（★） | 多普勒 (崭新出厂),¥ 5380,2025-07-18,2025-07-19 11:50:57
42389,刺刀（★） | 多普勒 (崭新出厂),¥ 5400,2025-07-18,2025-07-19 11:50:57
42389,刺刀（★） | 多普勒 (崭新出厂),¥ 5299.49,2025-07-18,2025-07-19 11:50:57
42389,刺刀（★） | 多普勒 (崭新出厂),¥ 7079,2025-07-18,2025-07-19 11:50:57
42389,刺刀（★） | 多普勒 (崭新出厂),¥ 7098.5,2025-07-18,2025-07-19 11:50:57
42389,刺刀（★） | 多普勒 (崭新出厂),¥ 5200,2025-07-17,2025-07-19 11:50:57
42389,刺刀（★） | 多普勒 (崭新出厂),¥ 6900,2025-07-17,2025-07-19 11:50:57
42389,刺刀（★） | 多普勒 (崭新出厂),¥ 5666,2025-07-16,2025-07-19 11:50:57
42389,刺刀（★） | 多普勒 (崭新出厂),¥ 7600,2025-07-16,2025-07-19 11:50:57
42389,刺刀（★） | 多普勒 (崭新出厂),¥ 5585,2025-07-16,2025-07-19 11:50:57
43043,爪子刀（★） | 致命紫罗兰 (战痕累累),¥ 5700,2025-07-18,2025-07-19 11:51:04
43043,爪子刀（★） | 致命紫罗兰 (战痕累累),¥ 5820,2025-07-15,2025-07-19 11:51:04
43043,爪子刀（★） | 致命紫罗兰 (战痕累累),¥ 6020,2025-07-15,2025-07-19 11:51:04
43043,爪子刀（★） | 致命紫罗兰 (战痕累累),¥ 6015,2025-07-14,2025-07-19 11:51:04
43043,爪子刀（★） | 致命紫罗兰 (战痕累累),¥ 5820,2025-07-14,2025-07-19 11:51:04
43043,爪子刀（★） | 致命紫罗兰 (战痕累累),¥ 6048,2025-07-13,2025-07-19 11:51:04
43043,爪子刀（★） | 致命紫罗兰 (战痕累累),¥ 6000,2025-07-12,2025-07-19 11:51:04
43043,爪子刀（★） | 致命紫罗兰 (战痕累累),¥ 6025,2025-07-11,2025-07-19 11:51:04
43043,爪子刀（★） | 致命紫罗兰 (战痕累累),¥ 6000,2025-07-10,2025-07-19 11:51:04
43043,爪子刀（★） | 致命紫罗兰 (战痕累累),¥ 6025.5,2025-07-10,2025-07-19 11:51:04
871931,蝴蝶刀（★） | 自由之手 (崭新出厂),¥ 9950,2025-07-19,2025-07-19 11:51:11
871931,蝴蝶刀（★） | 自由之手 (崭新出厂),¥ 9850,2025-07-19,2025-07-19 11:51:11
871931,蝴蝶刀（★） | 自由之手 (崭新出厂),¥ 9800,2025-07-18,2025-07-19 11:51:11
871931,蝴蝶刀（★） | 自由之手 (崭新出厂),¥ 9900,2025-07-18,2025-07-19 11:51:11
871931,蝴蝶刀（★） | 自由之手 (崭新出厂),¥ 9500,2025-07-18,2025-07-19 11:51:11
871931,蝴蝶刀（★） | 自由之手 (崭新出厂),¥ 9400,2025-07-18,2025-07-19 11:51:11
871931,蝴蝶刀（★） | 自由之手 (崭新出厂),¥ 9599.9,2025-07-18,2025-07-19 11:51:11
871931,蝴蝶刀（★） | 自由之手 (崭新出厂),¥ 9999,2025-07-16,2025-07-19 11:51:11
871931,蝴蝶刀（★） | 自由之手 (崭新出厂),¥ 9995,2025-07-16,2025-07-19 11:51:11
871931,蝴蝶刀（★） | 自由之手 (崭新出厂),¥ 9200,2025-07-16,2025-07-19 11:51:11
42566,蝴蝶刀（★） | 噩梦之夜 (久经沙场),¥ 7139.5,2025-07-18,2025-07-19 11:51:20
42566,蝴蝶刀（★） | 噩梦之夜 (久经沙场),¥ 7100,2025-07-18,2025-07-19 11:51:20
42566,蝴蝶刀（★） | 噩梦之夜 (久经沙场),¥ 7300,2025-07-17,2025-07-19 11:51:20
42566,蝴蝶刀（★） | 噩梦之夜 (久经沙场),¥ 7097,2025-07-17,2025-07-19 11:51:20
42566,蝴蝶刀（★） | 噩梦之夜 (久经沙场),¥ 7788,2025-07-17,2025-07-19 11:51:20
42566,蝴蝶刀（★） | 噩梦之夜 (久经沙场),¥ 7319,2025-07-16,2025-07-19 11:51:20
42566,蝴蝶刀（★） | 噩梦之夜 (久经沙场),¥ 7500,2025-07-16,2025-07-19 11:51:20
42566,蝴蝶刀（★） | 噩梦之夜 (久经沙场),¥ 7300,2025-07-16,2025-07-19 11:51:20
42566,蝴蝶刀（★） | 噩梦之夜 (久经沙场),¥ 7300,2025-07-15,2025-07-19 11:51:20
42566,蝴蝶刀（★） | 噩梦之夜 (久经沙场),¥ 7379.5,2025-07-15,2025-07-19 11:51:20
42969,爪子刀（★） | 黑色层压板 (略有磨损),¥ 9800,2025-07-18,2025-07-19 11:51:42
42969,爪子刀（★） | 黑色层压板 (略有磨损),¥ 9798.5,2025-07-18,2025-07-19 11:51:42
42969,爪子刀（★） | 黑色层压板 (略有磨损),¥ 9698,2025-07-17,2025-07-19 11:51:42
42969,爪子刀（★） | 黑色层压板 (略有磨损),¥ 10550,2025-07-15,2025-07-19 11:51:42
42969,爪子刀（★） | 黑色层压板 (略有磨损),¥ 10399,2025-07-15,2025-07-19 11:51:42
42969,爪子刀（★） | 黑色层压板 (略有磨损),¥ 10350,2025-07-15,2025-07-19 11:51:42
42969,爪子刀（★） | 黑色层压板 (略有磨损),¥ 10400,2025-07-15,2025-07-19 11:51:42
42969,爪子刀（★） | 黑色层压板 (略有磨损),¥ 10450,2025-07-14,2025-07-19 11:51:42
42969,爪子刀（★） | 黑色层压板 (略有磨损),¥ 10400,2025-07-14,2025-07-19 11:51:42
43055,M9 刺刀（★） | 自动化 (久经沙场),¥ 10000,2025-07-18,2025-07-19 11:51:56
43055,M9 刺刀（★） | 自动化 (久经沙场),¥ 9900,2025-07-18,2025-07-19 11:51:56
43055,M9 刺刀（★） | 自动化 (久经沙场),¥ 9848,2025-07-18,2025-07-19 11:51:56
43055,M9 刺刀（★） | 自动化 (久经沙场),¥ 9850,2025-07-18,2025-07-19 11:51:56
43055,M9 刺刀（★） | 自动化 (久经沙场),¥ 9450,2025-07-18,2025-07-19 11:51:56
43055,M9 刺刀（★） | 自动化 (久经沙场),¥ 9430,2025-07-18,2025-07-19 11:51:56
43055,M9 刺刀（★） | 自动化 (久经沙场),¥ 9340,2025-07-17,2025-07-19 11:51:56
43055,M9 刺刀（★） | 自动化 (久经沙场),¥ 9650,2025-07-16,2025-07-19 11:51:56
43055,M9 刺刀（★） | 自动化 (久经沙场),¥ 9660,2025-07-16,2025-07-19 11:51:56
43055,M9 刺刀（★） | 自动化 (久经沙场),¥ 10250,2025-07-16,2025-07-19 11:51:56
773721,海豹短刀（★） | 渐变之色 (崭新出厂),¥ 3900,2025-07-18,2025-07-19 11:52:17
773721,海豹短刀（★） | 渐变之色 (崭新出厂),¥ 4040,2025-07-18,2025-07-19 11:52:17
773721,海豹短刀（★） | 渐变之色 (崭新出厂),¥ 4150,2025-07-18,2025-07-19 11:52:17
773721,海豹短刀（★） | 渐变之色 (崭新出厂),¥ 4149,2025-07-18,2025-07-19 11:52:17
773721,海豹短刀（★） | 渐变之色 (崭新出厂),¥ 4099.99,2025-07-18,2025-07-19 11:52:17
773721,海豹短刀（★） | 渐变之色 (崭新出厂),¥ 3820,2025-07-18,2025-07-19 11:52:17
773721,海豹短刀（★） | 渐变之色 (崭新出厂),¥ 4250,2025-07-18,2025-07-19 11:52:17
773721,海豹短刀（★） | 渐变之色 (崭新出厂),¥ 3900,2025-07-16,2025-07-19 11:52:17
773721,海豹短刀（★） | 渐变之色 (崭新出厂),¥ 4200,2025-07-16,2025-07-19 11:52:17
776583,流浪者匕首（★）,¥ 2919.9,2025-07-19,2025-07-19 11:52:24
776583,流浪者匕首（★）,¥ 2820,2025-07-19,2025-07-19 11:52:24
776583,流浪者匕首（★）,¥ 2918.5,2025-07-19,2025-07-19 11:52:24
776583,流浪者匕首（★）,¥ 2899.5,2025-07-19,2025-07-19 11:52:24
776583,流浪者匕首（★）,¥ 2910,2025-07-19,2025-07-19 11:52:24
776583,流浪者匕首（★）,¥ 2925,2025-07-19,2025-07-19 11:52:24
776583,流浪者匕首（★）,¥ 2918.88,2025-07-19,2025-07-19 11:52:24
776583,流浪者匕首（★）,¥ 2900,2025-07-18,2025-07-19 11:52:24
776583,流浪者匕首（★）,¥ 2820,2025-07-18,2025-07-19 11:52:24
43108,M9 刺刀（★） | 传说 (略有磨损),¥ 13500,2025-07-19,2025-07-19 11:52:38
43108,M9 刺刀（★） | 传说 (略有磨损),¥ 13100,2025-07-18,2025-07-19 11:52:38
43108,M9 刺刀（★） | 传说 (略有磨损),¥ 12800,2025-07-18,2025-07-19 11:52:38
43108,M9 刺刀（★） | 传说 (略有磨损),¥ 13300,2025-07-18,2025-07-19 11:52:38
43108,M9 刺刀（★） | 传说 (略有磨损),¥ 13088,2025-07-17,2025-07-19 11:52:38
43108,M9 刺刀（★） | 传说 (略有磨损),¥ 13000,2025-07-17,2025-07-19 11:52:38
43108,M9 刺刀（★） | 传说 (略有磨损),¥ 12620,2025-07-16,2025-07-19 11:52:38
43108,M9 刺刀（★） | 传说 (略有磨损),¥ 12640,2025-07-16,2025-07-19 11:52:38
43108,M9 刺刀（★） | 传说 (略有磨损),¥ 13100,2025-07-16,2025-07-19 11:52:38
776296,系绳匕首（★） | 渐变之色 (崭新出厂),¥ 2370,2025-07-19,2025-07-19 11:52:46
776296,系绳匕首（★） | 渐变之色 (崭新出厂),¥ 2300,2025-07-19,2025-07-19 11:52:46
776296,系绳匕首（★） | 渐变之色 (崭新出厂),¥ 2300,2025-07-18,2025-07-19 11:52:46
776296,系绳匕首（★） | 渐变之色 (崭新出厂),¥ 2160,2025-07-18,2025-07-19 11:52:46
776296,系绳匕首（★） | 渐变之色 (崭新出厂),¥ 2150,2025-07-18,2025-07-19 11:52:46
776296,系绳匕首（★） | 渐变之色 (崭新出厂),¥ 2327,2025-07-18,2025-07-19 11:52:46
776296,系绳匕首（★） | 渐变之色 (崭新出厂),¥ 2320,2025-07-18,2025-07-19 11:52:46
776296,系绳匕首（★） | 渐变之色 (崭新出厂),¥ 2348,2025-07-18,2025-07-19 11:52:46
776296,系绳匕首（★） | 渐变之色 (崭新出厂),¥ 2358,2025-07-17,2025-07-19 11:52:46
956645,廓尔喀刀（★）,¥ 1939.99,2025-07-19,2025-07-19 11:53:07
956645,廓尔喀刀（★）,¥ 1885,2025-07-19,2025-07-19 11:53:07
956645,廓尔喀刀（★）,¥ 1900,2025-07-19,2025-07-19 11:53:07
956645,廓尔喀刀（★）,¥ 1896.99,2025-07-19,2025-07-19 11:53:07
956645,廓尔喀刀（★）,¥ 1840,2025-07-18,2025-07-19 11:53:07
956645,廓尔喀刀（★）,¥ 1849,2025-07-18,2025-07-19 11:53:07
956645,廓尔喀刀（★）,¥ 1888,2025-07-18,2025-07-19 11:53:07
956645,廓尔喀刀（★）,¥ 1898,2025-07-18,2025-07-19 11:53:07
956645,廓尔喀刀（★）,¥ 1896.97,2025-07-18,2025-07-19 11:53:07
956645,廓尔喀刀（★）,¥ 1897.47,2025-07-18,2025-07-19 11:53:07
871870,猎杀者匕首（★） | 澄澈之水 (崭新出厂),¥ 1040,2025-07-18,2025-07-19 11:53:15
871870,猎杀者匕首（★） | 澄澈之水 (崭新出厂),¥ 1080,2025-07-18,2025-07-19 11:53:15
871870,猎杀者匕首（★） | 澄澈之水 (崭新出厂),¥ 1100,2025-07-18,2025-07-19 11:53:15
871870,猎杀者匕首（★） | 澄澈之水 (崭新出厂),¥ 1150,2025-07-17,2025-07-19 11:53:15
871870,猎杀者匕首（★） | 澄澈之水 (崭新出厂),¥ 1168.5,2025-07-15,2025-07-19 11:53:15
871870,猎杀者匕首（★） | 澄澈之水 (崭新出厂),¥ 1200,2025-07-15,2025-07-19 11:53:15
871870,猎杀者匕首（★） | 澄澈之水 (崭新出厂),¥ 1134.5,2025-07-15,2025-07-19 11:53:15
871870,猎杀者匕首（★） | 澄澈之水 (崭新出厂),¥ 1111,2025-07-14,2025-07-19 11:53:15
871870,猎杀者匕首（★） | 澄澈之水 (崭新出厂),¥ 1135,2025-07-14,2025-07-19 11:53:15
871870,猎杀者匕首（★） | 澄澈之水 (崭新出厂),¥ 1180,2025-07-14,2025-07-19 11:53:15
776770,骷髅匕首（★） | 都市伪装 (战痕累累),¥ 1476.5,2025-07-19,2025-07-19 11:53:22
776770,骷髅匕首（★） | 都市伪装 (战痕累累),¥ 1473,2025-07-19,2025-07-19 11:53:22
776770,骷髅匕首（★） | 都市伪装 (战痕累累),¥ 1450,2025-07-18,2025-07-19 11:53:22
776770,骷髅匕首（★） | 都市伪装 (战痕累累),¥ 1499.49,2025-07-18,2025-07-19 11:53:22
776770,骷髅匕首（★） | 都市伪装 (战痕累累),¥ 1240,2025-07-18,2025-07-19 11:53:22
776770,骷髅匕首（★） | 都市伪装 (战痕累累),¥ 1548.88,2025-07-17,2025-07-19 11:53:22
776770,骷髅匕首（★） | 都市伪装 (战痕累累),¥ 1310,2025-07-16,2025-07-19 11:53:22
776770,骷髅匕首（★） | 都市伪装 (战痕累累),¥ 1525,2025-07-16,2025-07-19 11:53:22
776770,骷髅匕首（★） | 都市伪装 (战痕累累),¥ 1575,2025-07-15,2025-07-19 11:53:22
776770,骷髅匕首（★） | 都市伪装 (战痕累累),¥ 1550,2025-07-15,2025-07-19 11:53:22
756746,爪子刀（★ StatTrak™） | 渐变大理石 (略有磨损),¥ 14400,2025-07-17,2025-07-19 11:53:43
756746,爪子刀（★ StatTrak™） | 渐变大理石 (略有磨损),¥ 15900,2025-07-15,2025-07-19 11:53:43
756746,爪子刀（★ StatTrak™） | 渐变大理石 (略有磨损),¥ 15500,2025-07-04,2025-07-19 11:53:43
756746,爪子刀（★ StatTrak™） | 渐变大理石 (略有磨损),¥ 15000,2025-06-17,2025-07-19 11:53:43
756746,爪子刀（★ StatTrak™） | 渐变大理石 (略有磨损),¥ 14000,2025-05-17,2025-07-19 11:53:43
756746,爪子刀（★ StatTrak™） | 渐变大理石 (略有磨损),¥ 14800,2025-05-08,2025-07-19 11:53:43
756746,爪子刀（★ StatTrak™） | 渐变大理石 (略有磨损),¥ 13999,2025-05-04,2025-07-19 11:53:43
756746,爪子刀（★ StatTrak™） | 渐变大理石 (略有磨损),¥ 11980,2025-04-17,2025-07-19 11:53:43
756746,爪子刀（★ StatTrak™） | 渐变大理石 (略有磨损),¥ 17800,2025-04-01,2025-07-19 11:53:43
756746,爪子刀（★ StatTrak™） | 渐变大理石 (略有磨损),¥ 10500,2025-03-24,2025-07-19 11:53:43
776748,骷髅匕首（★） | 深红之网 (久经沙场),¥ 4350,2025-07-19,2025-07-19 11:53:50
776748,骷髅匕首（★） | 深红之网 (久经沙场),¥ 4180,2025-07-18,2025-07-19 11:53:50
776748,骷髅匕首（★） | 深红之网 (久经沙场),¥ 4399,2025-07-18,2025-07-19 11:53:50
776748,骷髅匕首（★） | 深红之网 (久经沙场),¥ 4450,2025-07-18,2025-07-19 11:53:50
776748,骷髅匕首（★） | 深红之网 (久经沙场),¥ 4300,2025-07-18,2025-07-19 11:53:50
776748,骷髅匕首（★） | 深红之网 (久经沙场),¥ 4298.5,2025-07-18,2025-07-19 11:53:50
776748,骷髅匕首（★） | 深红之网 (久经沙场),¥ 4100,2025-07-18,2025-07-19 11:53:50
776748,骷髅匕首（★） | 深红之网 (久经沙场),¥ 4420,2025-07-17,2025-07-19 11:53:50
776748,骷髅匕首（★） | 深红之网 (久经沙场),¥ 4200,2025-07-17,2025-07-19 11:53:50
769540,短剑（★） | 致命紫罗兰 (久经沙场),¥ 2180,2025-07-19,2025-07-19 11:54:21
769540,短剑（★） | 致命紫罗兰 (久经沙场),¥ 2150,2025-07-18,2025-07-19 11:54:21
769540,短剑（★） | 致命紫罗兰 (久经沙场),¥ 2025,2025-07-18,2025-07-19 11:54:21
769540,短剑（★） | 致命紫罗兰 (久经沙场),¥ 1950,2025-07-18,2025-07-19 11:54:21
769540,短剑（★） | 致命紫罗兰 (久经沙场),¥ 2050,2025-07-18,2025-07-19 11:54:21
769540,短剑（★） | 致命紫罗兰 (久经沙场),¥ 2240,2025-07-17,2025-07-19 11:54:21
769540,短剑（★） | 致命紫罗兰 (久经沙场),¥ 2150,2025-07-16,2025-07-19 11:54:21
769540,短剑（★） | 致命紫罗兰 (久经沙场),¥ 2198.5,2025-07-16,2025-07-19 11:54:21
769540,短剑（★） | 致命紫罗兰 (久经沙场),¥ 2188,2025-07-15,2025-07-19 11:54:21
769540,短剑（★） | 致命紫罗兰 (久经沙场),¥ 2150,2025-07-15,2025-07-19 11:54:21
956702,廓尔喀刀（★） | 深红之网 (战痕累累),¥ 1080,2025-07-19,2025-07-19 11:54:27
956702,廓尔喀刀（★） | 深红之网 (战痕累累),¥ 1160,2025-07-17,2025-07-19 11:54:27
956702,廓尔喀刀（★） | 深红之网 (战痕累累),¥ 1175,2025-07-15,2025-07-19 11:54:27
956702,廓尔喀刀（★） | 深红之网 (战痕累累),¥ 1290,2025-07-15,2025-07-19 11:54:27
956702,廓尔喀刀（★） | 深红之网 (战痕累累),¥ 1120,2025-07-15,2025-07-19 11:54:27
956702,廓尔喀刀（★） | 深红之网 (战痕累累),¥ 1299,2025-07-15,2025-07-19 11:54:27
956702,廓尔喀刀（★） | 深红之网 (战痕累累),¥ 1230,2025-07-15,2025-07-19 11:54:27
956702,廓尔喀刀（★） | 深红之网 (战痕累累),¥ 1179,2025-07-15,2025-07-19 11:54:27
956702,廓尔喀刀（★） | 深红之网 (战痕累累),¥ 1189,2025-07-15,2025-07-19 11:54:27
956702,廓尔喀刀（★） | 深红之网 (战痕累累),¥ 1190,2025-07-15,2025-07-19 11:54:27
42919,猎杀者匕首（★） | 渐变之色 (崭新出厂),¥ 3730,2025-07-18,2025-07-19 11:54:35
42919,猎杀者匕首（★） | 渐变之色 (崭新出厂),¥ 3050,2025-07-18,2025-07-19 11:54:35
42919,猎杀者匕首（★） | 渐变之色 (崭新出厂),¥ 2720,2025-07-17,2025-07-19 11:54:35
42919,猎杀者匕首（★） | 渐变之色 (崭新出厂),¥ 3800,2025-07-16,2025-07-19 11:54:35
42919,猎杀者匕首（★） | 渐变之色 (崭新出厂),¥ 3049.5,2025-07-15,2025-07-19 11:54:35
42919,猎杀者匕首（★） | 渐变之色 (崭新出厂),¥ 3030,2025-07-15,2025-07-19 11:54:35
42919,猎杀者匕首（★） | 渐变之色 (崭新出厂),¥ 3200,2025-07-15,2025-07-19 11:54:35
42919,猎杀者匕首（★） | 渐变之色 (崭新出厂),¥ 3100,2025-07-15,2025-07-19 11:54:35
42919,猎杀者匕首（★） | 渐变之色 (崭新出厂),¥ 3180,2025-07-14,2025-07-19 11:54:35
42919,猎杀者匕首（★） | 渐变之色 (崭新出厂),¥ 3099,2025-07-14,2025-07-19 11:54:35
760328,短剑（★） | 深红之网 (战痕累累),¥ 2028.88,2025-07-18,2025-07-19 11:54:57
760328,短剑（★） | 深红之网 (战痕累累),¥ 2194.5,2025-07-12,2025-07-19 11:54:57
760328,短剑（★） | 深红之网 (战痕累累),¥ 2100,2025-07-12,2025-07-19 11:54:57
760328,短剑（★） | 深红之网 (战痕累累),¥ 2076,2025-07-11,2025-07-19 11:54:57
760328,短剑（★） | 深红之网 (战痕累累),¥ 2195.5,2025-07-10,2025-07-19 11:54:57
760328,短剑（★） | 深红之网 (战痕累累),¥ 2375,2025-07-08,2025-07-19 11:54:57
760328,短剑（★） | 深红之网 (战痕累累),¥ 2160,2025-07-06,2025-07-19 11:54:57
760328,短剑（★） | 深红之网 (战痕累累),¥ 2250,2025-07-06,2025-07-19 11:54:57
760328,短剑（★） | 深红之网 (战痕累累),¥ 2239,2025-07-04,2025-07-19 11:54:57
760328,短剑（★） | 深红之网 (战痕累累),¥ 2100,2025-07-03,2025-07-19 11:54:57
769494,折刀（★） | 外表生锈 (战痕累累),¥ 584.5,2025-07-19,2025-07-19 11:55:05
769494,折刀（★） | 外表生锈 (战痕累累),¥ 590,2025-07-19,2025-07-19 11:55:05
769494,折刀（★） | 外表生锈 (战痕累累),¥ 600,2025-07-19,2025-07-19 11:55:05
769494,折刀（★） | 外表生锈 (战痕累累),¥ 584.5,2025-07-18,2025-07-19 11:55:05
769494,折刀（★） | 外表生锈 (战痕累累),¥ 589.99,2025-07-18,2025-07-19 11:55:05
769494,折刀（★） | 外表生锈 (战痕累累),¥ 539,2025-07-18,2025-07-19 11:55:05
769494,折刀（★） | 外表生锈 (战痕累累),¥ 666.66,2025-07-18,2025-07-19 11:55:05
769494,折刀（★） | 外表生锈 (战痕累累),¥ 599,2025-07-18,2025-07-19 11:55:05
769494,折刀（★） | 外表生锈 (战痕累累),¥ 599.5,2025-07-18,2025-07-19 11:55:05
769494,折刀（★） | 外表生锈 (战痕累累),¥ 578,2025-07-18,2025-07-19 11:55:05
43100,M9 刺刀（★） | 自由之手 (崭新出厂),¥ 5729,2025-07-18,2025-07-19 11:55:11
43100,M9 刺刀（★） | 自由之手 (崭新出厂),¥ 5740,2025-07-17,2025-07-19 11:55:11
43100,M9 刺刀（★） | 自由之手 (崭新出厂),¥ 5750,2025-07-16,2025-07-19 11:55:11
43100,M9 刺刀（★） | 自由之手 (崭新出厂),¥ 5788,2025-07-16,2025-07-19 11:55:11
43100,M9 刺刀（★） | 自由之手 (崭新出厂),¥ 5640,2025-07-16,2025-07-19 11:55:11
43100,M9 刺刀（★） | 自由之手 (崭新出厂),¥ 5650,2025-07-16,2025-07-19 11:55:11
43100,M9 刺刀（★） | 自由之手 (崭新出厂),¥ 5650,2025-07-15,2025-07-19 11:55:11
43100,M9 刺刀（★） | 自由之手 (崭新出厂),¥ 5880,2025-07-15,2025-07-19 11:55:11
43100,M9 刺刀（★） | 自由之手 (崭新出厂),¥ 6200,2025-07-14,2025-07-19 11:55:11
43020,爪子刀（★） | 噩梦之夜 (久经沙场),¥ 6645,2025-07-19,2025-07-19 11:55:18
43020,爪子刀（★） | 噩梦之夜 (久经沙场),¥ 6600,2025-07-18,2025-07-19 11:55:18
43020,爪子刀（★） | 噩梦之夜 (久经沙场),¥ 6666,2025-07-18,2025-07-19 11:55:18
43020,爪子刀（★） | 噩梦之夜 (久经沙场),¥ 6444.44,2025-07-18,2025-07-19 11:55:18
43020,爪子刀（★） | 噩梦之夜 (久经沙场),¥ 6500,2025-07-18,2025-07-19 11:55:18
43020,爪子刀（★） | 噩梦之夜 (久经沙场),¥ 6600,2025-07-16,2025-07-19 11:55:18
43020,爪子刀（★） | 噩梦之夜 (久经沙场),¥ 6700,2025-07-16,2025-07-19 11:55:18
43020,爪子刀（★） | 噩梦之夜 (久经沙场),¥ 6850,2025-07-16,2025-07-19 11:55:18
43020,爪子刀（★） | 噩梦之夜 (久经沙场),¥ 6750,2025-07-15,2025-07-19 11:55:18
42544,蝴蝶刀（★） | 表面淬火 (略有磨损),¥ 10000,2025-07-19,2025-07-19 11:55:48
42544,蝴蝶刀（★） | 表面淬火 (略有磨损),¥ 10500,2025-07-19,2025-07-19 11:55:48
42544,蝴蝶刀（★） | 表面淬火 (略有磨损),¥ 11499,2025-07-18,2025-07-19 11:55:48
42544,蝴蝶刀（★） | 表面淬火 (略有磨损),¥ 10300,2025-07-18,2025-07-19 11:55:48
42544,蝴蝶刀（★） | 表面淬火 (略有磨损),¥ 10410,2025-07-16,2025-07-19 11:55:48
42544,蝴蝶刀（★） | 表面淬火 (略有磨损),¥ 10888.88,2025-07-16,2025-07-19 11:55:48
42544,蝴蝶刀（★） | 表面淬火 (略有磨损),¥ 10980,2025-07-15,2025-07-19 11:55:48
42544,蝴蝶刀（★） | 表面淬火 (略有磨损),¥ 11499,2025-07-14,2025-07-19 11:55:48
42544,蝴蝶刀（★） | 表面淬火 (略有磨损),¥ 10411,2025-07-14,2025-07-19 11:55:48
42544,蝴蝶刀（★） | 表面淬火 (略有磨损),¥ 10700,2025-07-13,2025-07-19 11:55:48
43052,M9 刺刀（★）,¥ 11989.5,2025-07-18,2025-07-19 11:56:10
43052,M9 刺刀（★）,¥ 11598.5,2025-07-17,2025-07-19 11:56:10
43052,M9 刺刀（★）,¥ 11599,2025-07-17,2025-07-19 11:56:10
43052,M9 刺刀（★）,¥ 12210,2025-07-16,2025-07-19 11:56:10
43052,M9 刺刀（★）,¥ 12150,2025-07-16,2025-07-19 11:56:10
43052,M9 刺刀（★）,¥ 12160,2025-07-16,2025-07-19 11:56:10
43052,M9 刺刀（★）,¥ 12600,2025-07-16,2025-07-19 11:56:10
43052,M9 刺刀（★）,¥ 12420,2025-07-15,2025-07-19 11:56:10
43052,M9 刺刀（★）,¥ 12480,2025-07-15,2025-07-19 11:56:10
43052,M9 刺刀（★）,¥ 12518.5,2025-07-14,2025-07-19 11:56:10
956590,廓尔喀刀（★） | 表面淬火 (略有磨损),¥ 1706,2025-07-19,2025-07-19 11:56:16
956590,廓尔喀刀（★） | 表面淬火 (略有磨损),¥ 1666.66,2025-07-18,2025-07-19 11:56:16
956590,廓尔喀刀（★） | 表面淬火 (略有磨损),¥ 1700,2025-07-18,2025-07-19 11:56:16
956590,廓尔喀刀（★） | 表面淬火 (略有磨损),¥ 1760,2025-07-18,2025-07-19 11:56:16
956590,廓尔喀刀（★） | 表面淬火 (略有磨损),¥ 1699.5,2025-07-18,2025-07-19 11:56:16
956590,廓尔喀刀（★） | 表面淬火 (略有磨损),¥ 2400,2025-07-16,2025-07-19 11:56:16
956590,廓尔喀刀（★） | 表面淬火 (略有磨损),¥ 1850,2025-07-16,2025-07-19 11:56:16
956590,廓尔喀刀（★） | 表面淬火 (略有磨损),¥ 1989,2025-07-16,2025-07-19 11:56:16
956590,廓尔喀刀（★） | 表面淬火 (略有磨损),¥ 1710,2025-07-16,2025-07-19 11:56:16
42735,折叠刀（★） | 伽玛多普勒 (略有磨损),¥ 5588,2025-07-18,2025-07-19 11:56:23
42735,折叠刀（★） | 伽玛多普勒 (略有磨损),¥ 6080,2025-07-18,2025-07-19 11:56:23
42735,折叠刀（★） | 伽玛多普勒 (略有磨损),¥ 7088,2025-07-15,2025-07-19 11:56:23
42735,折叠刀（★） | 伽玛多普勒 (略有磨损),¥ 6600,2025-07-15,2025-07-19 11:56:23
42735,折叠刀（★） | 伽玛多普勒 (略有磨损),¥ 5970,2025-07-12,2025-07-19 11:56:23
42735,折叠刀（★） | 伽玛多普勒 (略有磨损),¥ 5700,2025-07-11,2025-07-19 11:56:23
42735,折叠刀（★） | 伽玛多普勒 (略有磨损),¥ 6100,2025-07-09,2025-07-19 11:56:23
42735,折叠刀（★） | 伽玛多普勒 (略有磨损),¥ 5610,2025-07-09,2025-07-19 11:56:23
42735,折叠刀（★） | 伽玛多普勒 (略有磨损),¥ 6780,2025-07-08,2025-07-19 11:56:23
42735,折叠刀（★） | 伽玛多普勒 (略有磨损),¥ 18000,2025-07-07,2025-07-19 11:56:23
871868,蝴蝶刀（★） | 黑色层压板 (破损不堪),¥ 8620,2025-07-18,2025-07-19 11:56:39
871868,蝴蝶刀（★） | 黑色层压板 (破损不堪),¥ 8369.5,2025-07-17,2025-07-19 11:56:39
871868,蝴蝶刀（★） | 黑色层压板 (破损不堪),¥ 8375,2025-07-17,2025-07-19 11:56:39
871868,蝴蝶刀（★） | 黑色层压板 (破损不堪),¥ 8588,2025-07-16,2025-07-19 11:56:39
871868,蝴蝶刀（★） | 黑色层压板 (破损不堪),¥ 8600,2025-07-16,2025-07-19 11:56:39
871868,蝴蝶刀（★） | 黑色层压板 (破损不堪),¥ 8870,2025-07-15,2025-07-19 11:56:39
871868,蝴蝶刀（★） | 黑色层压板 (破损不堪),¥ 8989,2025-07-15,2025-07-19 11:56:39
871868,蝴蝶刀（★） | 黑色层压板 (破损不堪),¥ 8899.49,2025-07-14,2025-07-19 11:56:39
871868,蝴蝶刀（★） | 黑色层压板 (破损不堪),¥ 8895,2025-07-14,2025-07-19 11:56:39
871868,蝴蝶刀（★） | 黑色层压板 (破损不堪),¥ 8900,2025-07-13,2025-07-19 11:56:39
43114,M9 刺刀（★） | 噩梦之夜 (久经沙场),¥ 4800,2025-07-19,2025-07-19 11:56:46
43114,M9 刺刀（★） | 噩梦之夜 (久经沙场),¥ 4719,2025-07-18,2025-07-19 11:56:46
43114,M9 刺刀（★） | 噩梦之夜 (久经沙场),¥ 4740,2025-07-17,2025-07-19 11:56:46
43114,M9 刺刀（★） | 噩梦之夜 (久经沙场),¥ 4880,2025-07-16,2025-07-19 11:56:46
43114,M9 刺刀（★） | 噩梦之夜 (久经沙场),¥ 4230,2025-07-16,2025-07-19 11:56:46
43114,M9 刺刀（★） | 噩梦之夜 (久经沙场),¥ 4699,2025-07-16,2025-07-19 11:56:46
43114,M9 刺刀（★） | 噩梦之夜 (久经沙场),¥ 4575,2025-07-15,2025-07-19 11:56:46
43114,M9 刺刀（★） | 噩梦之夜 (久经沙场),¥ 4599.5,2025-07-15,2025-07-19 11:56:46
43114,M9 刺刀（★） | 噩梦之夜 (久经沙场),¥ 4750,2025-07-15,2025-07-19 11:56:46
43114,M9 刺刀（★） | 噩梦之夜 (久经沙场),¥ 4720,2025-07-15,2025-07-19 11:56:46
43045,爪子刀（★） | 致命紫罗兰 (久经沙场),¥ 6870,2025-07-18,2025-07-19 11:56:55
43045,爪子刀（★） | 致命紫罗兰 (久经沙场),¥ 6699,2025-07-18,2025-07-19 11:56:55
43045,爪子刀（★） | 致命紫罗兰 (久经沙场),¥ 6648.5,2025-07-18,2025-07-19 11:56:55
43045,爪子刀（★） | 致命紫罗兰 (久经沙场),¥ 7050,2025-07-18,2025-07-19 11:56:55
43045,爪子刀（★） | 致命紫罗兰 (久经沙场),¥ 6983.5,2025-07-16,2025-07-19 11:56:55
43045,爪子刀（★） | 致命紫罗兰 (久经沙场),¥ 7300,2025-07-16,2025-07-19 11:56:55
43045,爪子刀（★） | 致命紫罗兰 (久经沙场),¥ 7500,2025-07-15,2025-07-19 11:56:55
43045,爪子刀（★） | 致命紫罗兰 (久经沙场),¥ 7325,2025-07-15,2025-07-19 11:56:55
43045,爪子刀（★） | 致命紫罗兰 (久经沙场),¥ 6920,2025-07-15,2025-07-19 11:56:55
43045,爪子刀（★） | 致命紫罗兰 (久经沙场),¥ 6850,2025-07-15,2025-07-19 11:56:55
43008,爪子刀（★） | 自由之手 (久经沙场),¥ 6799,2025-07-19,2025-07-19 11:57:07
43008,爪子刀（★） | 自由之手 (久经沙场),¥ 6500,2025-07-18,2025-07-19 11:57:07
43008,爪子刀（★） | 自由之手 (久经沙场),¥ 6546.5,2025-07-18,2025-07-19 11:57:07
43008,爪子刀（★） | 自由之手 (久经沙场),¥ 6500,2025-07-17,2025-07-19 11:57:07
43008,爪子刀（★） | 自由之手 (久经沙场),¥ 6700,2025-07-16,2025-07-19 11:57:07
43008,爪子刀（★） | 自由之手 (久经沙场),¥ 6899,2025-07-16,2025-07-19 11:57:07
43008,爪子刀（★） | 自由之手 (久经沙场),¥ 6950,2025-07-15,2025-07-19 11:57:07
43008,爪子刀（★） | 自由之手 (久经沙场),¥ 6970,2025-07-15,2025-07-19 11:57:07
43008,爪子刀（★） | 自由之手 (久经沙场),¥ 6680,2025-07-15,2025-07-19 11:57:07
43008,爪子刀（★） | 自由之手 (久经沙场),¥ 6930,2025-07-15,2025-07-19 11:57:07
871951,蝴蝶刀（★） | 自动化 (略有磨损),¥ 16284.5,2025-07-19,2025-07-19 11:57:14
871951,蝴蝶刀（★） | 自动化 (略有磨损),¥ 16284,2025-07-18,2025-07-19 11:57:14
871951,蝴蝶刀（★） | 自动化 (略有磨损),¥ 15995,2025-07-18,2025-07-19 11:57:14
871951,蝴蝶刀（★） | 自动化 (略有磨损),¥ 16300,2025-07-18,2025-07-19 11:57:14
871951,蝴蝶刀（★） | 自动化 (略有磨损),¥ 16000,2025-07-18,2025-07-19 11:57:14
871951,蝴蝶刀（★） | 自动化 (略有磨损),¥ 15890,2025-07-18,2025-07-19 11:57:14
871951,蝴蝶刀（★） | 自动化 (略有磨损),¥ 16100,2025-07-16,2025-07-19 11:57:14
871951,蝴蝶刀（★） | 自动化 (略有磨损),¥ 16250,2025-07-16,2025-07-19 11:57:14
871951,蝴蝶刀（★） | 自动化 (略有磨损),¥ 16300,2025-07-16,2025-07-19 11:57:14
871951,蝴蝶刀（★） | 自动化 (略有磨损),¥ 17150,2025-07-16,2025-07-19 11:57:14
776756,骷髅匕首（★） | 屠夫 (久经沙场),¥ 4800,2025-07-18,2025-07-19 11:57:22
776756,骷髅匕首（★） | 屠夫 (久经沙场),¥ 5150,2025-07-15,2025-07-19 11:57:22
776756,骷髅匕首（★） | 屠夫 (久经沙场),¥ 5250,2025-07-14,2025-07-19 11:57:22
776756,骷髅匕首（★） | 屠夫 (久经沙场),¥ 5166.16,2025-07-13,2025-07-19 11:57:22
776756,骷髅匕首（★） | 屠夫 (久经沙场),¥ 5170,2025-07-12,2025-07-19 11:57:22
776756,骷髅匕首（★） | 屠夫 (久经沙场),¥ 5200,2025-07-11,2025-07-19 11:57:22
776756,骷髅匕首（★） | 屠夫 (久经沙场),¥ 5040,2025-07-11,2025-07-19 11:57:22
776756,骷髅匕首（★） | 屠夫 (久经沙场),¥ 5140,2025-07-11,2025-07-19 11:57:22
776756,骷髅匕首（★） | 屠夫 (久经沙场),¥ 5150,2025-07-11,2025-07-19 11:57:22
776756,骷髅匕首（★） | 屠夫 (久经沙场),¥ 5135,2025-07-10,2025-07-19 11:57:22
776921,求生匕首（★） | 深红之网 (久经沙场),¥ 1080,2025-07-19,2025-07-19 11:57:30
776921,求生匕首（★） | 深红之网 (久经沙场),¥ 1200,2025-07-17,2025-07-19 11:57:30
776921,求生匕首（★） | 深红之网 (久经沙场),¥ 1225.5,2025-07-16,2025-07-19 11:57:30
776921,求生匕首（★） | 深红之网 (久经沙场),¥ 1240,2025-07-16,2025-07-19 11:57:30
776921,求生匕首（★） | 深红之网 (久经沙场),¥ 1210,2025-07-16,2025-07-19 11:57:30
776921,求生匕首（★） | 深红之网 (久经沙场),¥ 1220,2025-07-15,2025-07-19 11:57:30
776921,求生匕首（★） | 深红之网 (久经沙场),¥ 1226,2025-07-15,2025-07-19 11:57:30
776921,求生匕首（★） | 深红之网 (久经沙场),¥ 1226.5,2025-07-14,2025-07-19 11:57:30
776921,求生匕首（★） | 深红之网 (久经沙场),¥ 1226,2025-07-14,2025-07-19 11:57:30
776921,求生匕首（★） | 深红之网 (久经沙场),¥ 1190,2025-07-14,2025-07-19 11:57:30
42587,蝴蝶刀（★） | 虎牙 (崭新出厂),¥ 15998,2025-07-19,2025-07-19 11:57:38
42587,蝴蝶刀（★） | 虎牙 (崭新出厂),¥ 16350,2025-07-19,2025-07-19 11:57:38
42587,蝴蝶刀（★） | 虎牙 (崭新出厂),¥ 15700,2025-07-19,2025-07-19 11:57:38
42587,蝴蝶刀（★） | 虎牙 (崭新出厂),¥ 15650,2025-07-19,2025-07-19 11:57:38
42587,蝴蝶刀（★） | 虎牙 (崭新出厂),¥ 15850,2025-07-19,2025-07-19 11:57:38
42587,蝴蝶刀（★） | 虎牙 (崭新出厂),¥ 16300,2025-07-18,2025-07-19 11:57:38
42587,蝴蝶刀（★） | 虎牙 (崭新出厂),¥ 16000,2025-07-18,2025-07-19 11:57:38
42587,蝴蝶刀（★） | 虎牙 (崭新出厂),¥ 16099,2025-07-18,2025-07-19 11:57:38
42587,蝴蝶刀（★） | 虎牙 (崭新出厂),¥ 16098,2025-07-18,2025-07-19 11:57:38
42587,蝴蝶刀（★） | 虎牙 (崭新出厂),¥ 15530,2025-07-18,2025-07-19 11:57:38
956523,廓尔喀刀（★） | 人工染色 (久经沙场),¥ 1075,2025-07-19,2025-07-19 11:57:44
956523,廓尔喀刀（★） | 人工染色 (久经沙场),¥ 1050,2025-07-18,2025-07-19 11:57:44
956523,廓尔喀刀（★） | 人工染色 (久经沙场),¥ 1115,2025-07-18,2025-07-19 11:57:44
956523,廓尔喀刀（★） | 人工染色 (久经沙场),¥ 1128.99,2025-07-18,2025-07-19 11:57:44
956523,廓尔喀刀（★） | 人工染色 (久经沙场),¥ 1100,2025-07-18,2025-07-19 11:57:44
956523,廓尔喀刀（★） | 人工染色 (久经沙场),¥ 1090,2025-07-18,2025-07-19 11:57:44
956523,廓尔喀刀（★） | 人工染色 (久经沙场),¥ 1108,2025-07-18,2025-07-19 11:57:44
956523,廓尔喀刀（★） | 人工染色 (久经沙场),¥ 1111,2025-07-17,2025-07-19 11:57:44
956523,廓尔喀刀（★） | 人工染色 (久经沙场),¥ 1129.4,2025-07-16,2025-07-19 11:57:44
42989,爪子刀（★） | 深红之网 (战痕累累),¥ 6700,2025-07-18,2025-07-19 11:57:59
42989,爪子刀（★） | 深红之网 (战痕累累),¥ 6734.5,2025-07-16,2025-07-19 11:57:59
42989,爪子刀（★） | 深红之网 (战痕累累),¥ 6799,2025-07-15,2025-07-19 11:57:59
42989,爪子刀（★） | 深红之网 (战痕累累),¥ 6600,2025-07-14,2025-07-19 11:57:59
42989,爪子刀（★） | 深红之网 (战痕累累),¥ 6950,2025-07-14,2025-07-19 11:57:59
42989,爪子刀（★） | 深红之网 (战痕累累),¥ 6743.5,2025-07-12,2025-07-19 11:57:59
42989,爪子刀（★） | 深红之网 (战痕累累),¥ 6310,2025-07-12,2025-07-19 11:57:59
42989,爪子刀（★） | 深红之网 (战痕累累),¥ 6666,2025-07-10,2025-07-19 11:57:59
42989,爪子刀（★） | 深红之网 (战痕累累),¥ 6799,2025-07-10,2025-07-19 11:57:59
42989,爪子刀（★） | 深红之网 (战痕累累),¥ 6500,2025-07-10,2025-07-19 11:57:59
871909,蝴蝶刀（★） | 传说 (略有磨损),¥ 15600,2025-07-19,2025-07-19 11:58:16
871909,蝴蝶刀（★） | 传说 (略有磨损),¥ 16900,2025-07-19,2025-07-19 11:58:16
871909,蝴蝶刀（★） | 传说 (略有磨损),¥ 17700,2025-07-18,2025-07-19 11:58:16
871909,蝴蝶刀（★） | 传说 (略有磨损),¥ 15550,2025-07-18,2025-07-19 11:58:16
871909,蝴蝶刀（★） | 传说 (略有磨损),¥ 15553,2025-07-18,2025-07-19 11:58:16
871909,蝴蝶刀（★） | 传说 (略有磨损),¥ 15000,2025-07-18,2025-07-19 11:58:16
871909,蝴蝶刀（★） | 传说 (略有磨损),¥ 15260,2025-07-18,2025-07-19 11:58:16
871909,蝴蝶刀（★） | 传说 (略有磨损),¥ 15248,2025-07-17,2025-07-19 11:58:16
871909,蝴蝶刀（★） | 传说 (略有磨损),¥ 16000,2025-07-16,2025-07-19 11:58:16
871909,蝴蝶刀（★） | 传说 (略有磨损),¥ 15700,2025-07-16,2025-07-19 11:58:16
43705,爪子刀（★ StatTrak™） | 黑色层压板 (战痕累累),¥ 8000,2025-07-14,2025-07-19 11:58:29
43705,爪子刀（★ StatTrak™） | 黑色层压板 (战痕累累),¥ 8050,2025-07-12,2025-07-19 11:58:29
43705,爪子刀（★ StatTrak™） | 黑色层压板 (战痕累累),¥ 7995,2025-07-07,2025-07-19 11:58:29
43705,爪子刀（★ StatTrak™） | 黑色层压板 (战痕累累),¥ 7995,2025-07-05,2025-07-19 11:58:29
43705,爪子刀（★ StatTrak™） | 黑色层压板 (战痕累累),¥ 7900,2025-07-05,2025-07-19 11:58:29
43705,爪子刀（★ StatTrak™） | 黑色层压板 (战痕累累),¥ 7999,2025-07-03,2025-07-19 11:58:29
43705,爪子刀（★ StatTrak™） | 黑色层压板 (战痕累累),¥ 7805,2025-07-02,2025-07-19 11:58:29
43705,爪子刀（★ StatTrak™） | 黑色层压板 (战痕累累),¥ 7899.5,2025-07-02,2025-07-19 11:58:29
43705,爪子刀（★ StatTrak™） | 黑色层压板 (战痕累累),¥ 7656,2025-07-01,2025-07-19 11:58:29
43705,爪子刀（★ StatTrak™） | 黑色层压板 (战痕累累),¥ 7850,2025-06-14,2025-07-19 11:58:29
759639,熊刀（★ StatTrak™）,¥ 1458.87,2025-07-18,2025-07-19 11:58:37
759639,熊刀（★ StatTrak™）,¥ 1445,2025-07-18,2025-07-19 11:58:37
759639,熊刀（★ StatTrak™）,¥ 1420,2025-07-18,2025-07-19 11:58:37
759639,熊刀（★ StatTrak™）,¥ 1450,2025-07-18,2025-07-19 11:58:37
759639,熊刀（★ StatTrak™）,¥ 1420,2025-07-17,2025-07-19 11:58:37
759639,熊刀（★ StatTrak™）,¥ 1477,2025-07-16,2025-07-19 11:58:37
759639,熊刀（★ StatTrak™）,¥ 1420,2025-07-16,2025-07-19 11:58:37
759639,熊刀（★ StatTrak™）,¥ 1450,2025-07-15,2025-07-19 11:58:37
759639,熊刀（★ StatTrak™）,¥ 1484,2025-07-15,2025-07-19 11:58:37
956622,廓尔喀刀（★） | 渐变之色 (崭新出厂),¥ 3449.5,2025-07-19,2025-07-19 11:58:45
956622,廓尔喀刀（★） | 渐变之色 (崭新出厂),¥ 3450,2025-07-19,2025-07-19 11:58:45
956622,廓尔喀刀（★） | 渐变之色 (崭新出厂),¥ 3600,2025-07-19,2025-07-19 11:58:45
956622,廓尔喀刀（★） | 渐变之色 (崭新出厂),¥ 3394,2025-07-18,2025-07-19 11:58:45
956622,廓尔喀刀（★） | 渐变之色 (崭新出厂),¥ 3789,2025-07-18,2025-07-19 11:58:45
956622,廓尔喀刀（★） | 渐变之色 (崭新出厂),¥ 3410,2025-07-18,2025-07-19 11:58:45
956622,廓尔喀刀（★） | 渐变之色 (崭新出厂),¥ 3900,2025-07-18,2025-07-19 11:58:45
956622,廓尔喀刀（★） | 渐变之色 (崭新出厂),¥ 3300,2025-07-18,2025-07-19 11:58:45
956622,廓尔喀刀（★） | 渐变之色 (崭新出厂),¥ 3388.5,2025-07-18,2025-07-19 11:58:45
956622,廓尔喀刀（★） | 渐变之色 (崭新出厂),¥ 3389,2025-07-18,2025-07-19 11:58:45
43060,M9 刺刀（★） | 黑色层压板 (久经沙场),¥ 6989,2025-07-19,2025-07-19 11:58:52
43060,M9 刺刀（★） | 黑色层压板 (久经沙场),¥ 6898.5,2025-07-18,2025-07-19 11:58:52
43060,M9 刺刀（★） | 黑色层压板 (久经沙场),¥ 6900,2025-07-18,2025-07-19 11:58:52
43060,M9 刺刀（★） | 黑色层压板 (久经沙场),¥ 7219,2025-07-15,2025-07-19 11:58:52
43060,M9 刺刀（★） | 黑色层压板 (久经沙场),¥ 7117.5,2025-07-15,2025-07-19 11:58:52
43060,M9 刺刀（★） | 黑色层压板 (久经沙场),¥ 7150,2025-07-14,2025-07-19 11:58:52
43060,M9 刺刀（★） | 黑色层压板 (久经沙场),¥ 7148,2025-07-14,2025-07-19 11:58:52
43060,M9 刺刀（★） | 黑色层压板 (久经沙场),¥ 6950,2025-07-14,2025-07-19 11:58:52
43060,M9 刺刀（★） | 黑色层压板 (久经沙场),¥ 7120,2025-07-13,2025-07-19 11:58:52
42996,爪子刀（★） | 大马士革钢 (略有磨损),¥ 8115.5,2025-07-19,2025-07-19 11:59:04
42996,爪子刀（★） | 大马士革钢 (略有磨损),¥ 7900,2025-07-17,2025-07-19 11:59:04
42996,爪子刀（★） | 大马士革钢 (略有磨损),¥ 8498.5,2025-07-14,2025-07-19 11:59:04
42996,爪子刀（★） | 大马士革钢 (略有磨损),¥ 8500,2025-07-14,2025-07-19 11:59:04
42996,爪子刀（★） | 大马士革钢 (略有磨损),¥ 8120,2025-07-13,2025-07-19 11:59:04
42996,爪子刀（★） | 大马士革钢 (略有磨损),¥ 8300,2025-07-13,2025-07-19 11:59:04
42996,爪子刀（★） | 大马士革钢 (略有磨损),¥ 8518,2025-07-12,2025-07-19 11:59:04
42996,爪子刀（★） | 大马士革钢 (略有磨损),¥ 8549,2025-07-12,2025-07-19 11:59:04
42996,爪子刀（★） | 大马士革钢 (略有磨损),¥ 8450,2025-07-11,2025-07-19 11:59:04
42996,爪子刀（★） | 大马士革钢 (略有磨损),¥ 8290,2025-07-11,2025-07-19 11:59:04
42534,蝴蝶刀（★） | 蓝钢 (略有磨损),¥ 11662,2025-07-19,2025-07-19 11:59:12
42534,蝴蝶刀（★） | 蓝钢 (略有磨损),¥ 10555,2025-07-18,2025-07-19 11:59:12
42534,蝴蝶刀（★） | 蓝钢 (略有磨损),¥ 11500,2025-07-16,2025-07-19 11:59:12
42534,蝴蝶刀（★） | 蓝钢 (略有磨损),¥ 12299,2025-07-15,2025-07-19 11:59:12
42534,蝴蝶刀（★） | 蓝钢 (略有磨损),¥ 12100,2025-07-15,2025-07-19 11:59:12
42534,蝴蝶刀（★） | 蓝钢 (略有磨损),¥ 12400,2025-07-15,2025-07-19 11:59:12
42534,蝴蝶刀（★） | 蓝钢 (略有磨损),¥ 12000,2025-07-15,2025-07-19 11:59:12
42534,蝴蝶刀（★） | 蓝钢 (略有磨损),¥ 12120,2025-07-14,2025-07-19 11:59:12
42534,蝴蝶刀（★） | 蓝钢 (略有磨损),¥ 12000,2025-07-14,2025-07-19 11:59:12
42534,蝴蝶刀（★） | 蓝钢 (略有磨损),¥ 12050,2025-07-14,2025-07-19 11:59:12
871905,弯刀（★） | 自动化 (略有磨损),¥ 1400,2025-07-19,2025-07-19 11:59:42
871905,弯刀（★） | 自动化 (略有磨损),¥ 1530,2025-07-18,2025-07-19 11:59:42
871905,弯刀（★） | 自动化 (略有磨损),¥ 1540,2025-07-18,2025-07-19 11:59:42
871905,弯刀（★） | 自动化 (略有磨损),¥ 1450,2025-07-18,2025-07-19 11:59:42
871905,弯刀（★） | 自动化 (略有磨损),¥ 1499,2025-07-18,2025-07-19 11:59:42
871905,弯刀（★） | 自动化 (略有磨损),¥ 1494.99,2025-07-18,2025-07-19 11:59:42
871905,弯刀（★） | 自动化 (略有磨损),¥ 1539,2025-07-16,2025-07-19 11:59:42
871905,弯刀（★） | 自动化 (略有磨损),¥ 1535,2025-07-15,2025-07-19 11:59:42
769498,短剑（★） | 虎牙 (崭新出厂),¥ 3800,2025-07-19,2025-07-19 11:59:48
769498,短剑（★） | 虎牙 (崭新出厂),¥ 3770,2025-07-19,2025-07-19 11:59:48
769498,短剑（★） | 虎牙 (崭新出厂),¥ 3769.5,2025-07-19,2025-07-19 11:59:48
769498,短剑（★） | 虎牙 (崭新出厂),¥ 3660,2025-07-18,2025-07-19 11:59:48
769498,短剑（★） | 虎牙 (崭新出厂),¥ 3742,2025-07-18,2025-07-19 11:59:48
769498,短剑（★） | 虎牙 (崭新出厂),¥ 3750,2025-07-18,2025-07-19 11:59:48
769498,短剑（★） | 虎牙 (崭新出厂),¥ 3680,2025-07-18,2025-07-19 11:59:48
769498,短剑（★） | 虎牙 (崭新出厂),¥ 3745,2025-07-18,2025-07-19 11:59:48
769498,短剑（★） | 虎牙 (崭新出厂),¥ 3744.5,2025-07-18,2025-07-19 11:59:48
42730,折叠刀（★） | 自由之手 (崭新出厂),¥ 1706,2025-07-17,2025-07-19 11:59:55
42730,折叠刀（★） | 自由之手 (崭新出厂),¥ 1680,2025-07-16,2025-07-19 11:59:55
42730,折叠刀（★） | 自由之手 (崭新出厂),¥ 1610,2025-07-16,2025-07-19 11:59:55
42730,折叠刀（★） | 自由之手 (崭新出厂),¥ 1733,2025-07-16,2025-07-19 11:59:55
42730,折叠刀（★） | 自由之手 (崭新出厂),¥ 1778,2025-07-15,2025-07-19 11:59:55
42730,折叠刀（★） | 自由之手 (崭新出厂),¥ 1700,2025-07-15,2025-07-19 11:59:55
42730,折叠刀（★） | 自由之手 (崭新出厂),¥ 1685,2025-07-15,2025-07-19 11:59:55
42730,折叠刀（★） | 自由之手 (崭新出厂),¥ 1630,2025-07-15,2025-07-19 11:59:55
42730,折叠刀（★） | 自由之手 (崭新出厂),¥ 1833.4,2025-07-14,2025-07-19 11:59:55
776531,流浪者匕首（★） | 蓝钢 (久经沙场),¥ 2150,2025-07-19,2025-07-19 12:00:08
776531,流浪者匕首（★） | 蓝钢 (久经沙场),¥ 2140,2025-07-19,2025-07-19 12:00:08
776531,流浪者匕首（★） | 蓝钢 (久经沙场),¥ 2139.5,2025-07-19,2025-07-19 12:00:08
776531,流浪者匕首（★） | 蓝钢 (久经沙场),¥ 2060,2025-07-19,2025-07-19 12:00:08
776531,流浪者匕首（★） | 蓝钢 (久经沙场),¥ 2060,2025-07-18,2025-07-19 12:00:08
776531,流浪者匕首（★） | 蓝钢 (久经沙场),¥ 2220,2025-07-18,2025-07-19 12:00:08
776531,流浪者匕首（★） | 蓝钢 (久经沙场),¥ 2150,2025-07-18,2025-07-19 12:00:08
776531,流浪者匕首（★） | 蓝钢 (久经沙场),¥ 2070,2025-07-18,2025-07-19 12:00:08
776531,流浪者匕首（★） | 蓝钢 (久经沙场),¥ 2300,2025-07-16,2025-07-19 12:00:08
759530,熊刀（★） | 屠夫 (略有磨损),¥ 2050,2025-07-19,2025-07-19 12:00:21
759530,熊刀（★） | 屠夫 (略有磨损),¥ 2109,2025-07-19,2025-07-19 12:00:21
759530,熊刀（★） | 屠夫 (略有磨损),¥ 2085,2025-07-18,2025-07-19 12:00:21
759530,熊刀（★） | 屠夫 (略有磨损),¥ 2050,2025-07-16,2025-07-19 12:00:21
759530,熊刀（★） | 屠夫 (略有磨损),¥ 2150,2025-07-16,2025-07-19 12:00:21
759530,熊刀（★） | 屠夫 (略有磨损),¥ 2144,2025-07-15,2025-07-19 12:00:21
759530,熊刀（★） | 屠夫 (略有磨损),¥ 2100,2025-07-15,2025-07-19 12:00:21
759530,熊刀（★） | 屠夫 (略有磨损),¥ 2145,2025-07-14,2025-07-19 12:00:21
759530,熊刀（★） | 屠夫 (略有磨损),¥ 2130,2025-07-14,2025-07-19 12:00:21
759530,熊刀（★） | 屠夫 (略有磨损),¥ 2060,2025-07-14,2025-07-19 12:00:21
956652,廓尔喀刀（★ StatTrak™） | 北方森林 (久经沙场),¥ 816,2025-07-19,2025-07-19 12:00:29
956652,廓尔喀刀（★ StatTrak™） | 北方森林 (久经沙场),¥ 838.12,2025-07-19,2025-07-19 12:00:29
956652,廓尔喀刀（★ StatTrak™） | 北方森林 (久经沙场),¥ 827,2025-07-18,2025-07-19 12:00:29
956652,廓尔喀刀（★ StatTrak™） | 北方森林 (久经沙场),¥ 828.99,2025-07-18,2025-07-19 12:00:29
956652,廓尔喀刀（★ StatTrak™） | 北方森林 (久经沙场),¥ 810,2025-07-18,2025-07-19 12:00:29
956652,廓尔喀刀（★ StatTrak™） | 北方森林 (久经沙场),¥ 830,2025-07-18,2025-07-19 12:00:29
956652,廓尔喀刀（★ StatTrak™） | 北方森林 (久经沙场),¥ 820,2025-07-18,2025-07-19 12:00:29
956652,廓尔喀刀（★ StatTrak™） | 北方森林 (久经沙场),¥ 828,2025-07-17,2025-07-19 12:00:29
956652,廓尔喀刀（★ StatTrak™） | 北方森林 (久经沙场),¥ 845,2025-07-16,2025-07-19 12:00:29
956652,廓尔喀刀（★ StatTrak™） | 北方森林 (久经沙场),¥ 866,2025-07-16,2025-07-19 12:00:29
759403,锯齿爪刀（★） | 夜色 (久经沙场),¥ 2543.5,2025-07-18,2025-07-19 12:00:51
759403,锯齿爪刀（★） | 夜色 (久经沙场),¥ 2450,2025-07-18,2025-07-19 12:00:51
759403,锯齿爪刀（★） | 夜色 (久经沙场),¥ 2548.88,2025-07-18,2025-07-19 12:00:51
759403,锯齿爪刀（★） | 夜色 (久经沙场),¥ 2730,2025-07-16,2025-07-19 12:00:51
759403,锯齿爪刀（★） | 夜色 (久经沙场),¥ 2795,2025-07-16,2025-07-19 12:00:51
759403,锯齿爪刀（★） | 夜色 (久经沙场),¥ 2840,2025-07-15,2025-07-19 12:00:51
759403,锯齿爪刀（★） | 夜色 (久经沙场),¥ 2750,2025-07-15,2025-07-19 12:00:51
759403,锯齿爪刀（★） | 夜色 (久经沙场),¥ 2835,2025-07-15,2025-07-19 12:00:51
759403,锯齿爪刀（★） | 夜色 (久经沙场),¥ 2739.5,2025-07-15,2025-07-19 12:00:51
759403,锯齿爪刀（★） | 夜色 (久经沙场),¥ 2798,2025-07-15,2025-07-19 12:00:51
776875,流浪者匕首（★） | 深红之网 (久经沙场),¥ 2340,2025-07-19,2025-07-19 12:01:05
776875,流浪者匕首（★） | 深红之网 (久经沙场),¥ 2888,2025-07-19,2025-07-19 12:01:05
776875,流浪者匕首（★） | 深红之网 (久经沙场),¥ 3000,2025-07-18,2025-07-19 12:01:05
776875,流浪者匕首（★） | 深红之网 (久经沙场),¥ 2650,2025-07-18,2025-07-19 12:01:05
776875,流浪者匕首（★） | 深红之网 (久经沙场),¥ 2340,2025-07-18,2025-07-19 12:01:05
776875,流浪者匕首（★） | 深红之网 (久经沙场),¥ 2299.99,2025-07-18,2025-07-19 12:01:05
776875,流浪者匕首（★） | 深红之网 (久经沙场),¥ 2300,2025-07-18,2025-07-19 12:01:05
776875,流浪者匕首（★） | 深红之网 (久经沙场),¥ 2310,2025-07-18,2025-07-19 12:01:05
776875,流浪者匕首（★） | 深红之网 (久经沙场),¥ 2290,2025-07-18,2025-07-19 12:01:05
776875,流浪者匕首（★） | 深红之网 (久经沙场),¥ 2470,2025-07-17,2025-07-19 12:01:05
