Index,Company,sector,annual_return_log,Std,Skewness,Kurtosis
0,MMM,Industrials,0.016322113707062696,0.3886253483564675,-0.236725089,4.465973784004677
1,ABT,Health Care,0.21297303367028078,0.4058824840264735,0.06769255831403619,3.3637874689289458
2,ABBV,Health Care,0.22168301564286472,0.3627775182117899,-0.603098849,7.175062672931084
3,ABMD,Health Care,0.47340260846274373,0.4429435984587447,-0.406025417,2.790757093766824
4,ACN,Information Technology,0.2542357783288885,0.43055218375087145,0.2507000034306509,3.232463367255824
5,ATVI,Communication Services,0.40781042282062885,0.4019338859190359,-0.163729734,2.5115594602166658
6,ADBE,Information Technology,0.38545711848685,0.4966778308152642,-0.118666241,5.957377668608331
7,AMD,Information Technology,0.654908207023311,0.627015729057617,-0.012928692,2.4338122988495003
8,AAP,Consumer Discretionary,0.08733025655709084,0.48824908450852744,-1.371947337,8.915028128255146
9,AES,Utilities,0.13999656708383137,0.6127738981577322,-1.046116699,5.578913240479311
10,AFL,Financials,-0.180478139,0.6002597522052712,0.032863132507602554,10.87425755162706
11,A,Health Care,0.3035259488428909,0.3800937987204379,-0.278687334,3.5306634325237205
12,APD,Materials,0.14222445638879763,0.45636457233042926,-0.412775554,5.507642043377983
13,AKAM,Information Technology,0.11998374425037651,0.3939992631861522,-0.42643679,3.1650144035255954
14,ALK,Industrials,-0.273158558,0.8357338310183985,-0.613202883,5.821756654783169
15,ALB,Materials,0.614294382173271,0.6398843792898468,-0.695764453,3.31515612050738
16,ARE,Real Estate,0.07851003772853457,0.43865614723105667,-1.014726794,11.696437302472575
17,ALXN,Health Care,0.3451265750408913,0.48391452455287887,2.5392907605388904,20.247925627684992
18,ALGN,Health Care,0.7167068578612712,0.7124968510320472,1.0516094252439685,10.636416842887062
19,ALLE,Industrials,-0.112079568,0.47697737846877264,-0.506265258,4.191385849984478
20,LNT,Utilities,-0.114663235,0.39958004108364653,-0.040885406,3.523786609285179
21,ALL,Financials,-0.089479134,0.4505344337527575,-0.853317237,5.591517293685808
22,GOOGL,Communication Services,0.16988301122297667,0.3985804279837757,-0.43830855,3.8448727700496645
23,GOOG,Communication Services,0.1713764942671716,0.3970923513816904,-0.388332266,3.507083015869804
24,MO,Consumer Staples,-0.112929822,0.37792288889168024,-0.351816022,3.1339447930332947
25,AMZN,Consumer Discretionary,0.5715605451334714,0.3959058762216661,-0.040570516,1.035976895626236
26,AMCR,Materials,0.12326348886605434,0.4959830821438309,-0.608248017,8.685177850771623
27,AEE,Utilities,-0.01573539,0.4492783436177574,-0.291905225,9.751501662319395
28,AAL,Industrials,-0.560486608,1.047543191198165,0.6880755071366891,5.908599177236033
29,AEP,Utilities,-0.176349827,0.39979574711018423,-0.158412231,5.980732011165838
30,AXP,Financials,-0.102587622,0.6540787900040727,0.7380199622464325,6.553876120152882
31,AIG,Financials,-0.304499215,0.7495180350610624,-0.758403675,4.563565353256351
32,AMT,Real Estate,-0.06412657,0.45404689668885323,-0.15886199,6.533664606047639
33,AWK,Utilities,0.13284672351383695,0.4424848856468529,-0.094341451,7.823395944465673
34,AMP,Financials,0.1322767595404328,0.7188420618668108,-0.482807802,9.077901260926545
35,ABC,Health Care,0.09285516457327936,0.42735233781116305,0.3769393968451549,4.2538838378844765
36,AME,Industrials,0.17532985722559372,0.48491964122198966,-1.11061432,10.573703370911332
37,AMGN,Health Care,-0.017155739,0.39337427611421055,0.5754720097890353,3.1687471596385723
38,APH,Information Technology,0.20198703018399125,0.4288811963265458,-0.936738662,5.626019573324765
39,ADI,Information Technology,0.21409916124120731,0.5218723049553586,-0.598902961,6.9959342052454705
40,ANSS,Information Technology,0.28361901459321653,0.47616201845742967,0.14133573429798776,4.99618907105806
41,ANTM,Health Care,0.014585458102745672,0.5666467429560845,-0.171816968,5.736441888991093
42,AON,Financials,-0.00606301,0.4152561930805382,-0.720087983,13.44209488337803
43,AOS,Industrials,0.2097211236036713,0.39297078014326625,-0.313667869,1.274347342438788
44,APA,Energy,-0.806620406,1.3701417106256941,-3.330859771,28.129409703368577
45,AAPL,Information Technology,0.5177753257954204,0.48139683140933626,-0.283569215,3.5291454831142905
46,AMAT,Information Technology,0.35117073172303814,0.6198471650342299,-1.086146744,6.353877121576433
47,APTV,Consumer Discretionary,0.32934689172753706,0.7768080731923174,-2.22290631,17.04545894233284
48,ADM,Consumer Staples,0.1311684233362142,0.4155397184111556,-0.268762473,3.0306354002089684
49,ANET,Information Technology,0.27941800078478835,0.5043500172169924,0.07231658219404667,4.661008377505533
50,AJG,Financials,0.2988837334108616,0.42418578935295664,-1.201894697,9.897922452809572
51,AIZ,Financials,0.016905638928606543,0.5133278099497895,-1.480768383,11.720494121465487
52,T,Communication Services,-0.247847615,0.37005180244078834,-0.180829867,3.971944422174806
53,ATO,Utilities,-0.2276329,0.4300448593940193,0.24387452923981015,6.764822557363843
54,ADSK,Information Technology,0.4679649567225627,0.5241643804363579,-0.403420169,3.805539841906774
55,ADP,Information Technology,0.03435633194733041,0.46588917618969183,-0.682855919,6.972991897886695
56,AZO,Consumer Discretionary,0.032818842740635394,0.43699627601922886,-1.65328715,11.724654953170235
57,AVB,Real Estate,-0.320756592,0.5276683981532269,-0.602731205,5.830043931001605
58,AVY,Materials,0.18517832120459785,0.4986148806450579,0.4520059222648986,9.875840849122577
59,BKR,Energy,-0.024205619,0.7321882842209343,-0.381237641,5.749244414441025
60,BLL,Materials,0.32038156219905456,0.4073064310796994,-0.013483593,5.221092654144073
61,BAC,Financials,-0.117692391,0.6070491905631951,0.009076283787912637,4.6625864317408965
62,BK,Financials,-0.097446353,0.49875997975628317,-0.223302431,6.5018095376213765
63,BAX,Health Care,-0.137180501,0.381055434353151,-0.125058551,6.223428757381354
64,BDX,Health Care,-0.103980378,0.38082340870885806,-0.737696573,6.197214671049265
65,BRK-B,Financials,-0.023625078,0.36263246081791106,-0.22706552,6.593273952144521
66,BBY,Consumer Discretionary,0.16776020524072835,0.5358234187122322,-0.214113657,5.001576420658136
67,BIO,Health Care,0.4776254520431849,0.424037364625321,-0.262508445,1.911371353613979
68,BIIB,Health Care,-0.157371644,0.6909449830872678,0.9109321290592798,34.6319027387564
69,BLK,Financials,0.331967405672122,0.49690473573278304,-0.385174446,4.883275492871866
70,BA,Industrials,-0.384429619,0.9120616742890593,-0.299445921,4.758425063545909
71,BKNG,Consumer Discretionary,0.04086221140628561,0.5355601871273749,0.39550005715536957,4.590179549274518
72,BWA,Consumer Discretionary,-0.039100866,0.5244796591673695,-0.2365738,2.467225263377684
73,BXP,Real Estate,-0.395420781,0.6054789336669663,-0.213708779,6.246587080802858
74,BSX,Health Care,-0.257908856,0.4614813603405172,-0.919145178,4.319950000483792
75,BMY,Health Care,-0.066087059,0.306563275496276,-0.219827244,2.974309740166172
76,AVGO,Information Technology,0.4077745644810876,0.5402136549389407,-1.499096875,11.880810431670625
77,BR,Information Technology,0.1510914452663618,0.37375788982081254,0.1447525229995849,4.962534981465304
78,BF-B,Consumer Staples,0.11667166564698979,0.4134565858074877,-0.2274436,8.34506942993139
79,CHRW,Industrials,0.19379227175791178,0.33701039920559434,-0.520078347,6.404666892056412
80,COG,Energy,0.11239188389512807,0.5324125389391365,0.4643518840786923,3.108089767919031
81,CDNS,Information Technology,0.6135191338166704,0.47833817536422046,-0.23822509,3.508173324442099
82,CPB,Consumer Staples,0.013840944028792027,0.33328280683472356,0.07657598817084342,4.326347243167344
83,COF,Financials,-0.054983039,0.7606305393430268,-0.681133462,5.84942646434977
84,CAH,Health Care,0.029215516109603826,0.47359551948127365,0.0583279398978398,3.0947855906633173
85,KMX,Consumer Discretionary,0.04787165146957455,0.5994525896525787,-0.713588883,8.171783847263733
86,CCL,Consumer Discretionary,-0.939381836,1.282439974723148,-0.815769004,5.527818636806865
87,CTLT,Health Care,0.5600141914125351,0.5487241880850668,-0.952236884,7.472799365773206
88,CAT,Industrials,0.2526140880198898,0.4686956517405809,-0.769790324,3.798957054465566
89,CBOE,Financials,-0.266794484,0.4536506695927012,-0.87050098,7.890966245365183
90,CBRE,Real Estate,0.018167327889459114,0.6500247115685341,-0.236383373,4.038159904415923
91,CDW,Information Technology,-0.02994495,0.5189776858945914,-0.612691105,4.073791920688216
92,CE,Materials,0.13973989287993815,0.5654450141263259,-1.17625167,5.496665121898964
93,CNC,Health Care,-0.115347551,0.5529350818407327,0.012601034454858473,3.5890325561961323
94,CNP,Utilities,-0.224709889,0.6184458127040345,-1.088019803,9.352807559773202
95,CERN,Health Care,0.02108231505689362,0.32894387194037766,0.0733214038389659,1.215046962911587
96,CF,Materials,-0.137769083,0.6088521986855402,-0.61919649,3.8387537480516087
97,SCHW,Financials,0.09488303138612768,0.547385531659619,0.2860317800032731,4.100687286119992
98,CHTR,Communication Services,0.28477106663369006,0.3638970085693745,-0.940281592,10.292017165097668
99,CVX,Energy,-0.233640431,0.6424065779517023,-0.870904092,10.649819568845585
100,CMG,Consumer Discretionary,0.5273407279439233,0.5129686622961098,0.13239336750373026,4.417205890361682
101,CB,Financials,0.021055572274101497,0.5071573926156216,-0.891667283,5.269736537882787
102,CHD,Consumer Staples,0.20651372627567646,0.3383155416327008,0.5423694967591496,7.212471905136432
103,CI,Health Care,-0.084564302,0.5536311573346374,-0.180664916,4.797886094222131
104,CINF,Financials,-0.219817346,0.6146139481771303,-0.085202962,3.1790201560099387
105,CTAS,Industrials,0.23738911453044279,0.5427990905709352,-0.871257921,6.887266739087474
106,CSCO,Information Technology,-0.063270036,0.43539196821268705,-0.27438429,5.75568308285585
107,C,Financials,-0.243642709,0.7042071426791275,-0.47234182,4.468466201939512
108,CFG,Financials,-0.091438096,0.7996474191908451,-0.65056286,4.824649627893474
109,CTXS,Information Technology,0.130353430427001,0.42597646291218255,0.00867142408342023,6.466877898871575
110,CLX,Consumer Staples,0.2828045961653909,0.3337210554297621,0.06235668794410063,9.35066741682234
111,CME,Financials,-0.120414247,0.5018465188339138,-1.57336127,11.237063198148828
112,CMS,Utilities,-0.117495785,0.4019826609008274,-0.18608848,6.716123657410385
113,KO,Consumer Staples,-0.04735947,0.36141210297768966,-0.624122839,3.2101251117149507
114,CTSH,Information Technology,0.29126512568445034,0.5011501200178404,-0.353436628,7.622418044156786
115,CL,Consumer Staples,0.2203479888906509,0.32632299762729644,0.46265717831516684,9.068730872515976
116,CMCSA,Communication Services,0.08829120898237042,0.3938029116397735,0.16888555805874933,3.6952358051087293
117,CMA,Financials,-0.149727511,0.796382849347257,-0.599375129,4.090586190104831
118,CAG,Consumer Staples,0.1279634691788155,0.3460983877399231,-0.210372508,5.4457232167107925
119,CXO,Energy,-0.421434833,0.723291596038178,0.09732547161466248,3.198579589913207
120,COP,Energy,-0.455489929,0.7588483238458242,-0.54492492,8.015448226021851
121,ED,Utilities,-0.247302413,0.42597104511294476,-0.00816783,10.717854858043978
122,STZ,Consumer Staples,0.14761495225064725,0.4757019219822131,-0.286605407,8.424211529556812
123,COO,Health Care,-0.030297306,0.41514458347463956,-1.027770076,6.584045321464892
124,CPRT,Industrials,0.23000444732426134,0.45398239902662957,-0.282014785,7.598383698140335
125,GLW,Information Technology,0.23936877587678912,0.5307587810992846,-0.54369628,5.6806900344680304
126,CTVA,Materials,0.39819368709477954,0.528648813058364,-0.788478556,4.9263881394268765
127,COST,Consumer Staples,0.2029147225386876,0.29787499173178594,0.7491656494024937,5.869046349949484
128,CCI,Real Estate,0.0699871326010344,0.4418005187896029,-0.194909106,4.173704319758007
129,CSX,Industrials,0.21372082260462677,0.47814486537932066,-0.500696615,8.24199391347318
130,CMI,Industrials,0.3268991207340728,0.4460924337731066,0.690331568414256,10.673634673348507
131,CVS,Health Care,-0.055645282,0.4106218815071969,-0.469226639,5.944991641250105
132,DHI,Consumer Discretionary,0.27892258946587317,0.6231894220240825,-0.863280268,6.090064092336808
133,DHR,Health Care,0.3543384563480115,0.3479989500185793,-0.315004857,4.247221606229721
134,DRI,Consumer Discretionary,0.026737708168570656,0.8582456120359375,-0.28091219,7.941164055087235
135,DVA,Health Care,0.3964815169383197,0.4290236033087656,0.053967949721637834,1.9951072206510343
136,DE,Industrials,0.49508809217903144,0.47328030571977914,-0.537577572,4.713812915617743
137,DAL,Industrials,-0.434553564,0.8464853900979751,-0.696492559,6.5031115458031294
138,XRAY,Health Care,-0.14733223,0.500584803134729,-0.005879502,2.697899581343756
139,DVN,Energy,-0.461858562,1.0326967089126602,-1.408697277,11.222041260284227
140,DXCM,Health Care,0.4457424092573738,0.575387068974292,-0.569147231,3.54733963305957
141,FANG,Energy,-0.699234681,1.1303296172780217,-2.21525215,20.386470967909503
142,DLR,Real Estate,0.10633183955878761,0.4476823221956498,0.005706107570406916,4.217840966732525
143,DFS,Financials,0.08073963853061474,0.893215606902376,-1.100455141,8.697535013177864
144,DISCA,Communication Services,-0.165847325,0.5332157962216598,-0.364530528,0.9517106827917745
145,DISCK,Communication Services,-0.241204997,0.530082501652469,-0.382798098,1.239165961087144
146,DISH,Communication Services,-0.231817173,0.6588257420936722,-0.448005543,3.296473846991466
147,DG,Consumer Discretionary,0.3260421294768635,0.3192634525185465,0.2580166461635255,9.540168223341592
148,DLTR,Consumer Discretionary,0.24356106810559594,0.492949128668444,-0.532080649,9.359298984820262
149,D,Utilities,-0.085801731,0.4674548060950731,-0.270584834,8.53401604188083
150,DPZ,Consumer Discretionary,0.36789387028856796,0.43418821673567354,2.246083707094982,21.05446691891002
151,DOV,Industrials,0.07569141391393477,0.48638881478081697,-1.05021646,8.546365253083298
152,DOW,Materials,0.11482104777059815,0.6535776727169638,-1.042336001,7.953153898079002
153,DTE,Utilities,-0.094884875,0.5002271270489281,-0.800433725,6.343454443211231
154,DUK,Utilities,-0.02433038,0.42947825163585546,-0.046336989,5.651652398210322
155,DRE,Real Estate,0.11312795491258552,0.48747704493329774,-0.607890973,10.350753453682376
156,DD,Materials,0.16882507191750182,0.5304751966771913,-0.330747623,3.2408195526381745
157,DXC,Information Technology,-0.432314544,0.9748684578015446,0.33988397777997964,9.397154006510657
158,EMN,Materials,0.3727230779519559,0.5352287118818603,-0.725173175,4.208352627748195
159,ETN,Industrials,0.2677327059909462,0.5303743204931155,0.40825272415795616,8.312808875357788
160,EBAY,Consumer Discretionary,0.41926658362068936,0.3946872266555465,-0.20518927,0.6513936931315571
161,ECL,Materials,0.11503995202256725,0.5006949123565392,0.2302167589485204,9.421201114097483
162,EIX,Utilities,-0.224884613,0.47140879252654017,-0.405466873,4.916728083857243
163,EW,Health Care,0.0648007714330217,0.45517193682399804,0.29744777478732937,5.074903590356515
164,EA,Communication Services,0.24437598402777974,0.37647554741607225,-0.075299282,3.385143132135325
165,EMR,Industrials,0.07949331699918676,0.5668858002606646,-1.01198313,8.199014188378785
166,ETR,Utilities,-0.256339603,0.48924868266792054,-0.591688512,7.869195153563737
167,EOG,Energy,-0.518796219,0.7996529210089471,-1.685405089,14.453667657120274
168,EFX,Industrials,0.26160867426200807,0.43356462285635305,-0.109785652,1.8422858603560908
169,EQIX,Real Estate,0.20623392363046855,0.4199047559207473,-0.10105827,4.79768676845463
170,EQR,Real Estate,-0.361440239,0.5275020821637794,-0.210383461,5.120165450761551
171,ESS,Real Estate,-0.278138839,0.5277756856446257,-0.946296542,7.781247619012165
172,EL,Consumer Staples,0.17458348757321088,0.42773156662144735,-0.804505563,4.804257165326644
173,ETSY,Consumer Discretionary,1.431414109871232,0.7316049456434728,-0.346064692,3.314894081228216
174,EVRG,Utilities,-0.250767366,0.5143583095922821,-0.561139023,9.236070103093766
175,ES,Utilities,-0.060004745,0.4674675369507182,0.030556467927340583,7.089202375358594
176,RE,Financials,-0.192044778,0.5171367655215177,-0.470229162,3.6461303713555546
177,EXC,Utilities,-0.109832822,0.5075955450577437,-0.007781881,8.587581176341297
178,EXPE,Consumer Discretionary,0.1300779936743446,0.7351590285582387,-0.204774051,6.530772697262819
179,EXPD,Industrials,0.27901208681288164,0.32509516788847626,-0.199232617,8.57580448279695
180,EXR,Real Estate,0.04850285014534691,0.4328599727812394,-1.127809783,6.8644761548188775
181,XOM,Energy,-0.432901362,0.5488425169302141,0.0007965434903614273,2.230114364546706
182,FFIV,Information Technology,0.2750245681068869,0.42826481059547533,-0.188619476,2.6614590594465044
183,FB,Communication Services,0.22563613830867818,0.4759778595736509,-0.41945516,3.6904389300578213
184,FAST,Industrials,0.38776789901312325,0.4013301174751756,-0.051005332,4.738889710599874
185,FRT,Real Estate,-0.423103155,0.6932916157079201,0.1503410614439476,12.778473590038502
186,FDX,Industrials,0.6032103146083467,0.545270284377687,-0.475775052,3.99409040362917
187,FIS,Information Technology,-0.046509425,0.46620874771842497,-0.645286407,9.725804303768193
188,FITB,Financials,-0.023224992,0.7695856392383985,-0.518173324,4.843707778812098
189,FE,Utilities,-0.495767245,0.5674605718130727,-1.930039791,13.912674980363498
190,FRC,Financials,0.16741032438728803,0.4934852991491353,-0.378052415,4.741422419697604
191,FISV,Information Technology,-0.077884048,0.48898206278625395,-0.668126399,6.4746730873944305
192,FLT,Information Technology,-0.142147162,0.5578988087830573,0.15921147218973442,2.819649261814086
193,FLIR,Information Technology,-0.285632944,0.5960551280371165,-1.04108463,8.1194394357162
194,FLS,Industrials,-0.294122304,0.6637238581061242,-0.582942158,2.4314664166758044
195,FMC,Materials,0.18888770064140242,0.5380309454015222,-0.970052535,9.682637332809497
196,F,Consumer Discretionary,-0.012732613,0.578515272159663,0.5278489237923671,5.287276449557224
197,FTNT,Information Technology,0.2388362840217149,0.5632549198115533,0.21584442638528173,6.759816253303738
198,FTV,Industrials,0.07200758739706271,0.47996968202144985,-0.309159124,8.448435357711096
199,FBHS,Industrials,0.2804050589074781,0.5979529212725455,-0.455938927,4.342592051194315
200,FOXA,Communication Services,-0.356447637,0.506644794139255,-0.185913009,1.773308313198851
201,FOX,Communication Services,-0.347690899,0.4996482486761963,-0.218079124,1.957416164196088
202,BEN,Financials,0.013357908906538284,0.5660863575977736,-0.516767677,2.5735977173614497
203,FCX,Materials,0.7694311630985373,0.7345469694311139,-0.242243632,6.484791941719884
204,GPS,Consumer Discretionary,0.1682682585817561,0.966402166382081,0.03621943102144722,3.1441912758496864
205,GRMN,Consumer Discretionary,0.20266345237525976,0.38850946094966227,-0.14742762,2.7682055763111997
206,IT,Information Technology,-0.033033541,0.5061402047819046,0.18204489157326592,4.867326862696637
207,GD,Industrials,-0.193967146,0.41969607387560215,-0.402314897,2.7343779174891765
208,GE,Industrials,-0.080399825,0.6527422666191406,-0.180839255,1.9978146563290649
209,GIS,Consumer Staples,0.11329348839540233,0.3193697778992794,-0.377734714,9.885132637246958
210,GM,Consumer Discretionary,0.1898123867929307,0.6350802639928687,-0.469583288,4.927480666686901
211,GPC,Consumer Discretionary,-0.010627223,0.5344877864910166,0.14300964022151152,7.917059194779116
212,GILD,Health Care,-0.030817222,0.38513511140870005,0.42869291293670303,2.420163974808162
213,GL,Financials,-0.120633187,0.5524938619093847,-0.447639598,4.180946007121079
214,GPN,Information Technology,0.015468181784769077,0.5662356610889963,-0.015635656,9.60378115007008
215,GS,Financials,0.08304778557882236,0.5414073558535449,-0.138039744,5.141730839803705
216,GWW,Industrials,0.2481946057839276,0.44115065898421973,-0.612801886,6.930529504196754
217,HAL,Energy,-0.195097149,1.013500977343923,-1.951617407,14.48761376932119
218,HBI,Consumer Discretionary,0.069748772775382,0.6664134807108589,-0.209868378,3.9543290239113764
219,HIG,Financials,-0.23290093,0.679032615608532,-0.525456208,11.589478346303896
220,HAS,Consumer Discretionary,-0.077960971,0.5674479694245612,-0.548473274,9.60530405409815
221,HCA,Health Care,0.11690236643304644,0.63003764862978,-0.047673666,6.395540271712688
222,PEAK,Real Estate,-0.183887282,0.6175423112348996,-1.21344493,9.648619215715815
223,HSIC,Health Care,-0.051875775,0.4594865082705756,-0.151797156,1.7428980596356203
224,HSY,Consumer Staples,0.0004869081854213836,0.3935732319108138,-1.797414275,15.531255767971086
225,HES,Energy,-0.220037009,0.8475511200960623,-1.457497074,14.956086860947032
226,HPE,Information Technology,-0.219197494,0.5731137901440196,-0.583334254,3.720224427708457
227,HLT,Consumer Discretionary,-0.062435147,0.5313264481104587,-0.102602947,3.045774051174144
228,HFC,Energy,-0.63406298,0.8182979306683581,0.5796442423787076,3.2829735500727555
229,HOLX,Health Care,0.35627312454872034,0.4931673574469419,-1.77638174,13.107271387264294
230,HD,Consumer Discretionary,0.18929173425633564,0.46223682064207894,-1.876312078,16.60021184956471
231,HON,Industrials,0.18778568313396723,0.46948851264794345,-0.089981291,4.406264836434622
232,HRL,Consumer Staples,0.027032381542677918,0.30777508172645285,0.9751383180015177,10.072235909487514
233,HST,Real Estate,-0.245455277,0.7000807414671393,0.9325926045561852,6.295763129067998
234,HWM,Industrials,-0.11285129,0.796886900301328,-0.028099343,3.884740443252891
235,HPQ,Information Technology,0.13033522323691588,0.5749856197361218,-0.818708218,5.60698624803875
236,HUM,Health Care,0.07545207093208162,0.5218607228478829,0.23353090354020845,5.843261685926613
237,HBAN,Financials,-0.119433423,0.6783200226632389,0.034572520361792904,1.881524389119626
238,HII,Industrials,-0.543194753,0.47083059878975464,-0.361512034,2.6687544657946853
239,IEX,Industrials,0.14619674508965602,0.40252502042651056,-0.892294323,4.425257027976574
240,IDXX,Health Care,0.5834868162895172,0.4284779602139091,-0.390103794,3.5355994423312262
241,INFO,Industrials,0.10091752404513075,0.460566723267296,1.8450328954894128,25.615854210727527
242,ITW,Industrials,0.16891677145809544,0.44090314334795494,0.19931594777865252,6.944670925039645
243,ILMN,Health Care,0.11196077720220295,0.47989711965081056,-0.738062043,2.4056799956356327
244,INCY,Health Care,0.11074326654694086,0.4236510436216516,0.27521992165406334,0.5450485701134267
245,IR,Industrials,0.3418532931630225,0.5310739611711475,-0.745331458,5.693628248011331
246,INTC,Information Technology,-0.267740017,0.5580730768313168,-0.814849319,9.895031030810344
247,ICE,Financials,0.17636812005909633,0.39867872028394674,-1.004721434,6.797233075570313
248,IBM,Information Technology,-0.075675575,0.4271545003984963,-0.486012717,4.449146252110804
249,IP,Materials,0.16862022876200927,0.5358845138198277,0.07555632166899003,3.256538077010422
250,IPG,Communication Services,0.0266285293368416,0.5952009447609311,-0.271314863,3.1308395701448104
251,IFF,Materials,-0.160334082,0.41562636240711204,0.04984932403799263,3.156158183442609
252,INTU,Information Technology,0.3060632982138522,0.4872319324182276,0.22881255374324908,7.873852638660628
253,ISRG,Health Care,0.2913855291102215,0.47158325681238067,-0.196209797,6.78998034353401
254,IVZ,Financials,0.013811157958195963,0.7851960648631743,-0.850387905,4.000993401753551
255,IPGP,Information Technology,0.43231358695870675,0.5348308448997394,0.8674220039690795,6.372210640827635
256,IQV,Health Care,0.10341839162498793,0.5187405511226008,-0.702049086,7.69978513643443
257,IRM,Real Estate,0.002418401179258327,0.466946137991296,-0.670673397,6.4156253574281
258,JKHY,Information Technology,0.07087792957859256,0.4129864955701369,-0.606662119,5.1304691288013
259,J,Industrials,0.13739206003725754,0.444273998972166,-0.494950379,3.794374065611934
260,JBHT,Industrials,0.2226967587919854,0.42568471477441944,-0.583691793,7.173231514168057
261,SJM,Consumer Staples,0.09764322554519683,0.33695820009410404,0.2709564426298869,4.82627039481558
262,JNJ,Health Care,0.05648128305020932,0.3134644188306478,0.1773334652434747,4.509648242438543
263,JCI,Industrials,0.15306888035633756,0.4453739210549598,-0.905015812,3.7257747391804275
264,JPM,Financials,-0.070207219,0.5631171813799528,-0.002461259,5.220356145482208
265,JNPR,Information Technology,-0.056703185,0.3820598458468753,-0.175214143,3.875038553748227
266,KSU,Industrials,0.20794612172334626,0.5069055449332613,0.07320588978202357,10.343690338498169
267,K,Consumer Staples,-0.1141776,0.3295280204565971,-0.586240716,9.775371661895594
268,KEY,Financials,-0.171158151,0.7956965658116468,-0.559659944,5.207878097251948
269,KEYS,Information Technology,0.20656757874142975,0.4538024138578823,0.038374238430583546,3.5178483246715917
270,KMB,Consumer Staples,-0.049686678,0.32325308511029677,-0.000734319,5.91013759185525
271,KIM,Real Estate,-0.329597078,0.7801547758845838,0.2875537046947082,6.062998047250858
272,KMI,Energy,-0.355711457,0.593854248419843,-1.434968709,10.595725879598993
273,KLAC,Information Technology,0.42446131718388014,0.6193349134094532,0.1200244361592298,3.9932655508896255
274,KHC,Consumer Staples,0.17566748500136187,0.44284229523145846,0.3982478976075268,10.70211614221508
275,KR,Consumer Staples,0.10405590217368171,0.33157211717343194,-0.205448058,2.5832769238317814
276,LB,Consumer Discretionary,0.7116366256151846,0.9773214751113929,0.4335479764779744,8.832941515399936
277,LHX,Industrials,-0.173489674,0.4287572324744302,-0.569782289,6.7521147929819385
278,LH,Health Care,0.13881369367020208,0.5444342407134155,-1.218053461,9.627454933684094
279,LRCX,Information Technology,0.5023251507092575,0.6604505152950259,-0.514585184,5.367166981963933
280,LW,Consumer Staples,-0.164099356,0.6035566947880542,-0.959855827,6.259109663046296
281,LVS,Consumer Discretionary,-0.200053299,0.6092898799957605,-0.463887439,3.1700184089644514
282,LEG,Consumer Discretionary,-0.195820881,0.6960721512762853,-0.217300798,2.4559336861659853
283,LDOS,Information Technology,0.017516001509077516,0.45626156663933015,-0.485929759,5.310633165254586
284,LEN,Consumer Discretionary,0.2346076413260761,0.7071697689726018,-0.306059613,4.8694422325222
285,LLY,Health Care,0.21390566183281448,0.43399855173558466,1.1836051549740425,7.474078536890696
286,LNC,Financials,-0.155325932,0.995312623875756,-0.258576176,5.938512941788641
287,LIN,Materials,0.21491064490375505,0.4037714326857427,-0.166774165,4.39752813831325
288,LYV,Communication Services,-0.037906463,0.7581365793640097,-0.289665463,2.95158360530585
289,LKQ,Consumer Discretionary,0.04940837810934396,0.6836583804574388,-0.297645156,7.138586932378793
290,LMT,Industrials,-0.180846068,0.4275362334403576,-0.456214111,6.573647186874977
291,L,Financials,-0.168294241,0.6148711111150527,-0.60761529,4.352198372847215
292,LOW,Consumer Discretionary,0.3502567255028798,0.5477826913820386,-2.652965335,21.385116178984077
293,LYB,Materials,0.06961249787520375,0.7447493030068731,-1.221530467,8.336620785290439
294,MTB,Financials,-0.248132444,0.6578017980150604,0.5549986105023946,4.184652817666993
295,MRO,Energy,-0.713678563,1.0569317855034686,-3.260430961,33.41185325143262
296,MPC,Energy,-0.306067758,0.8774767832361475,-0.757402268,5.80936438318072
297,MKTX,Financials,0.4862902647940388,0.4800437786126377,0.35217589292829576,3.4768252872060135
298,MAR,Consumer Discretionary,-0.132190846,0.6871287330669219,0.2509729265381341,2.8670820268413433
299,MMC,Financials,0.027286770546535718,0.3784616106811902,-0.440613573,9.018971474217183
300,MLM,Materials,0.046136612872463324,0.5770998367942092,-0.386730757,2.7940782015116437
301,MAS,Industrials,0.14458003864219898,0.4339286280526958,-0.138887037,5.238337552622635
302,MA,Information Technology,0.045573045356552426,0.503136529471576,0.20578309545846685,5.058900806152813
303,MKC,Consumer Staples,0.11028837874458539,0.39566447466410126,-0.272819989,10.042460450074705
304,MXIM,Information Technology,0.36617380995201326,0.451745659049022,-0.291325657,4.301297432754579
305,MCD,Consumer Discretionary,0.03181325153732827,0.415344879848145,-0.2408688,16.23782555581888
306,MCK,Health Care,0.11865526657323702,0.46656743656545646,0.47861788680935374,2.901428157256479
307,MDT,Health Care,-0.025848224,0.42860267385332046,-0.247581269,4.56892556863405
308,MRK,Health Care,-0.104022416,0.3285110846673537,-0.043061157,3.6001813786560977
309,MET,Financials,-0.089942167,0.6301671150427121,-0.565512948,4.9106874594083845
310,MTD,Health Care,0.3318947787811913,0.42343576983044756,-0.198662222,3.3637860343635957
311,MGM,Consumer Discretionary,-0.056855445,1.0035802204221551,-0.964252707,10.466974167254698
312,MCHP,Information Technology,0.2659942392944285,0.6368399206129468,-0.630122208,6.474488352608638
313,MU,Information Technology,0.2039841410942951,0.5931670060603356,-0.825529493,5.780074959647898
314,MSFT,Information Technology,0.3257003557869169,0.4560894561494523,-0.403692777,6.193191608388604
315,MAA,Real Estate,-0.069112167,0.48694327419075334,-1.2840604,8.501351506637485
316,MHK,Consumer Discretionary,-0.036747777,0.7788414534593155,-0.708080174,6.894885357728368
317,TAP,Consumer Staples,-0.244392617,0.48025968545187425,-0.207555854,1.8200564785537567
318,MDLZ,Consumer Staples,0.057821744623915816,0.3531484770321175,-0.019077134,8.230954940360153
319,MNST,Consumer Staples,0.3078179070591425,0.3706947294014821,0.114537508417504,2.9136528585638484
320,MCO,Financials,0.10374596602444967,0.5214334561862587,-0.179093615,6.628243586681238
321,MS,Financials,0.2435793359657508,0.5885863027259247,0.07201027094164594,7.034927815808965
322,MOS,Materials,0.1131437406585511,0.8266066217569001,-0.971888466,7.150971538639389
323,MSI,Information Technology,-0.058067433,0.45689673787835366,-0.480377436,3.851908782081357
324,MSCI,Financials,0.4961640192480431,0.5370245772222434,-0.038768051,4.897609453179847
325,NDAQ,Financials,0.18747054004600347,0.4380467762402218,-0.020146561,5.707250319556049
326,NOV,Energy,-0.596191747,0.9181022467444387,-0.532054825,6.404898757831576
327,NTAP,Information Technology,0.0982992405580634,0.5381191245781529,-0.117372717,2.161423744324331
328,NFLX,Communication Services,0.487150595496102,0.4747994901777983,-0.202436049,2.0813097350425416
329,NWL,Consumer Discretionary,0.09047351191940917,0.5903916345870039,-0.172006547,4.747797117836609
330,NEM,Materials,0.37150653305499,0.47410357237875084,0.23406854127409832,4.180356868184171
331,NWSA,Communication Services,0.2284094813253352,0.5087417297040772,0.09680354776707144,2.363783669242406
332,NWS,Communication Services,0.19148313592653524,0.5210911361839229,-0.248746187,3.5990411397441635
333,NEE,Utilities,0.19832301136436978,0.4321636230630511,-0.225828683,6.748159934983816
334,NLSN,Industrials,-0.059365278,0.6004595081722509,-0.076254552,1.9374952729795423
335,NKE,Consumer Discretionary,0.3593394622646329,0.4314426926074423,-0.177528338,6.5785252698367
336,NI,Utilities,-0.297273615,0.4692789935806155,-0.703608066,10.693708836494421
337,NSC,Industrials,0.1485896572460185,0.4971565510339543,-0.24446425,7.070649242331669
338,NTRS,Financials,-0.153013784,0.5440611559399747,-0.064917473,8.616275584172072
339,NOC,Industrials,-0.243941333,0.40662791233297935,0.2851356156923446,5.079282229272323
340,NLOK,Information Technology,0.30723133951074605,0.3859148853788581,0.14371346933440007,2.6237611309110207
341,NCLH,Consumer Discretionary,-0.926753105,1.3881973164275758,-0.622235469,4.905161406734474
342,NRG,Utilities,-0.112200724,0.49539660734572444,-0.286919098,5.851031355988647
343,NUE,Materials,0.06655110312101438,0.5175994131361477,-0.585140496,4.5059276265362325
344,NVDA,Information Technology,0.8276586513797676,0.6027238758759116,-0.605251049,4.7400361062768575
345,NVR,Consumer Discretionary,0.08958785516867425,0.6308640217163747,-0.26070082,9.212518705802387
346,ORLY,Consumer Discretionary,0.02091911007856772,0.44091286820377856,-0.975139107,9.837525041
347,OXY,Energy,-0.965543683,1.236457660380884,-3.190017668,32.84308398184882
348,ODFL,Industrials,0.40413299563596455,0.4320595416221007,0.03960971573604571,3.473250715345217
349,OMC,Communication Services,-0.259113343,0.5043101439287924,0.19873724652202077,2.409679170849272
350,OKE,Energy,-0.59401406,1.0304685269247207,-2.228853821,16.068871446145444
351,ORCL,Information Technology,0.19025169932809433,0.41521610307468176,0.9504649305612168,14.2687567792996
352,PCAR,Industrials,0.13557175776986272,0.3719345380240496,0.6349592256660948,5.719598460541521
353,PKG,Materials,0.2868690821910878,0.4677731761869876,0.35005199814588733,3.5294501762701547
354,PH,Industrials,0.3418835432321797,0.6253899282367059,-0.613139187,5.199249026045022
355,PAYX,Information Technology,0.12990134933402256,0.5066297504257897,-0.998096141,12.888441058505443
356,PAYC,Information Technology,0.42715270915718695,0.6710529166173885,-0.211777546,2.310821139875584
357,PYPL,Information Technology,0.7772046846938541,0.5399945896294026,-0.11578917,4.65139503681565
358,PNR,Industrials,0.14274021607126805,0.5056374896743885,-0.746133819,8.838218428961628
359,PBCT,Financials,-0.182559835,0.6525685168765957,0.7607442132557168,3.2460902551258632
360,PEP,Consumer Staples,0.05690692736641261,0.3802402092551459,-0.516816623,11.056944240045063
361,PKI,Health Care,0.3562621358799738,0.392183194571196,-0.751948545,2.952295039883266
362,PRGO,Health Care,-0.301329887,0.47005380729553675,-0.567567023,6.042755208192245
363,PFE,Health Care,0.01384837147016149,0.3698390465131375,-0.097911278,2.645474304698266
364,PM,Consumer Staples,-0.008038709,0.41123599288006385,-1.071548194,6.673387309624692
365,PSX,Energy,-0.406835832,0.7201741073006908,0.1153604716822913,2.9836380750942526
366,PNW,Utilities,-0.183272632,0.46476395235390555,-0.960253533,9.292571831106427
367,PXD,Energy,-0.286730293,0.8541324291496485,-2.402535331,23.06660202837985
368,PNC,Financials,-0.016030393,0.5987006495192516,-0.259670278,3.6997218208891125
369,POOL,Consumer Discretionary,0.5504538078744915,0.5025006265904158,-1.922325179,10.379297071867299
370,PPG,Materials,0.18190680956025984,0.45447093672484357,-0.75518902,4.690969438985166
371,PPL,Utilities,-0.268197146,0.48846189442763405,-0.304385033,4.752807484242231
372,PFG,Financials,-0.115596794,0.6797327981088973,-0.143773483,5.277062547616843
373,PG,Consumer Staples,0.11929289506523141,0.33595989137639715,0.11784084374713853,7.265986784556905
374,PGR,Financials,0.270462130611693,0.3806380868715112,0.14450777077966806,3.7770229339789534
375,PLD,Real Estate,0.04568407224226908,0.482663503770886,-0.850377425,7.975481650682751
376,PRU,Financials,-0.180772512,0.7080079811548399,-0.647562332,6.105397143767263
377,PEG,Utilities,-0.022731607,0.420990038880171,-0.214548331,3.5399792471446796
378,PSA,Real Estate,0.06916303277959446,0.3818064576880708,-0.958815559,4.313577769748764
379,PHM,Consumer Discretionary,0.07620058179382687,0.6905915495514543,-0.473922424,7.1405580420720725
380,PVH,Consumer Discretionary,-0.039602156,0.9246181712019934,0.13672628006215556,3.435254892392148
381,QRVO,Information Technology,0.36325059145333066,0.5914737565653369,-0.267889456,3.595107888385197
382,PWR,Industrials,0.5492214156696159,0.5071887410216198,-0.230231791,3.9538307557554795
383,QCOM,Information Technology,0.501505432017672,0.5433173334996505,-0.074091258,4.40340404494039
384,DGX,Health Care,0.14405428576028523,0.42971415822621445,-0.220333997,4.350917824398029
385,RL,Consumer Discretionary,-0.164202315,0.6447204187805116,0.09233812416899143,2.5489285724497295
386,RJF,Financials,-0.014958972,0.5932122026209908,0.2976835629357817,3.187052770888683
387,RTX,Industrials,-0.329611372,0.5976925375391949,-0.093153249,3.727864240054508
388,O,Real Estate,-0.246320997,0.6297626044564572,-2.44947095,19.093624178950964
389,REG,Real Estate,-0.322850764,0.713901429956552,0.5450573461995314,12.23094047027368
390,REGN,Health Care,0.3372263145458539,0.44059200971835755,0.22619404340174362,1.6101967313658951
391,RF,Financials,0.0034382752520478814,0.7380383295937447,-0.549164079,3.7605334666467636
392,RSG,Industrials,0.030978447612444334,0.3650966636859653,-1.193535437,8.58177279077165
393,RMD,Health Care,0.3061427642925102,0.5099055090251503,-0.719564765,8.68470206484263
394,RHI,Industrials,0.013971716924859606,0.5295527849047224,0.6614346277539437,5.068067442497011
395,ROK,Industrials,0.2501392623194362,0.5115647149661755,-0.590830065,9.727965337363385
396,ROL,Industrials,0.5647648782896724,0.3892701497592293,-0.646124098,4.596333140114723
397,ROP,Industrials,0.11509252651220665,0.42541666562502567,-0.624892362,5.0780766645051845
398,ROST,Consumer Discretionary,-0.005617097,0.59892317816674,-0.409870146,7.815584111909805
399,RCL,Consumer Discretionary,-0.639763354,1.1935214149744984,-0.536635248,4.458954650045334
400,SPGI,Financials,0.09032472252607586,0.4856861722012013,-0.563016743,6.720790271688154
401,CRM,Information Technology,0.21679977351392957,0.5381230280216363,0.6313733532100265,11.40641000270686
402,SBAC,Real Estate,0.09108845638074818,0.43801991055881573,0.40128984018625374,2.3397005207099415
403,SLB,Energy,-0.536289998,0.818746875192515,-0.91484777,6.992327695977352
404,STX,Information Technology,0.10691343764890585,0.4489796088706151,-1.03877381,7.59841942521412
405,SEE,Materials,0.1854306532043762,0.5566681093988265,0.23568866763106136,11.50675844989206
406,SRE,Utilities,-0.199075878,0.49568551800446714,-1.181290689,9.415647021337314
407,NOW,Information Technology,0.6124626490535116,0.5152525973115964,0.03493256077104686,1.1791904385355068
408,SHW,Materials,0.23200212573775492,0.4484985470128007,-1.196757403,14.62876827409075
409,SPG,Real Estate,-0.56684036,0.9630003413317147,-0.536088545,5.76687197193044
410,SWKS,Information Technology,0.20311676502534318,0.5813206297211905,-0.305576781,5.273149342948612
411,SLG,Real Estate,-0.454724593,0.8218844202385895,0.6432587703556025,6.8245458846529505
412,SNA,Industrials,0.03331791623602807,0.5054900044740913,0.028503444174990265,1.9626961935878349
413,SO,Utilities,-0.097138417,0.47334273372720853,0.4200620370256126,8.360244359085522
414,LUV,Industrials,-0.162482284,0.6499977729359836,-0.222354129,2.2444300438613194
415,SWK,Industrials,0.08876425234077177,0.6485540083222219,-0.487822408,8.928723667755047
416,SBUX,Consumer Discretionary,0.13759677729782166,0.4730276605643969,-0.378475459,7.9960410477329855
417,STT,Financials,-0.132385141,0.6084003913504831,-0.184931885,7.1955406327571065
418,STE,Health Care,0.2037380997066082,0.3991610641276266,-0.402749259,5.380729388429026
419,SYK,Health Care,0.10938558978046005,0.5115839289238245,-0.487315532,4.879585581614427
420,SIVB,Financials,0.3908778327521095,0.6672752934686456,-0.243583851,2.8378535844556136
421,SYF,Financials,-0.03260405,0.7924210085404088,-1.051354514,7.171194662332523
422,SNPS,Information Technology,0.546095965429867,0.44207262652113993,-0.49600987,4.367502080017888
423,SYY,Consumer Staples,-0.118264923,0.727903559313899,-0.414261122,6.581199328005868
424,TMUS,Communication Services,0.4976640314110233,0.4226917546311634,-0.100394418,5.408588276948452
425,TROW,Financials,0.1575754873493899,0.49822911384758034,-0.130471114,6.677266946502922
426,TTWO,Communication Services,0.47021577165923417,0.4374096799508628,-0.779032371,3.478818352459408
427,TPR,Consumer Discretionary,0.055185355149921525,0.8630999788605453,-0.888773904,8.97400396069759
428,TGT,Consumer Discretionary,0.46679633438795387,0.3801453759321932,-0.065151864,8.393988714200892
429,TEL,Information Technology,0.19431107051985008,0.4991956795961123,-0.957432332,5.958933169370175
430,FTI,Energy,-0.790841956,0.9548690041146403,-0.487940459,4.378436238158653
431,TDY,Industrials,-0.013014296,0.5417374924390974,-1.938214533,15.72183924144679
432,TFX,Health Care,0.04575728611712341,0.4643944573230684,-0.18597725,4.53723967908619
433,TER,Information Technology,0.5615059619709306,0.5480472303719226,-0.185675961,1.9977718505334785
434,TXN,Information Technology,0.2612397704542333,0.44648327434356144,-0.031175002,3.699898564825447
435,TXT,Industrials,0.03971796431339046,0.7016075927528596,-0.272201585,2.8206817768588337
436,TMO,Health Care,0.3460144805825012,0.3867774961470607,-0.299708067,2.4808167449404595
437,TIF,Consumer Discretionary,-0.004171489,0.2613136953408524,0.31804327395565196,27.555197043154774
438,TJX,Consumer Discretionary,0.08499015815878937,0.5417537987872716,-0.993914556,9.726043496827824
439,TSCO,Consumer Discretionary,0.5160021850279546,0.41027815952409863,-0.811925498,6.142171757274575
440,TT,Industrials,0.375570921833595,0.4650554779730454,-0.317573269,3.308708591025109
441,TDG,Industrials,-0.077908773,0.7356250531239089,-0.480364125,7.338229940553795
442,TRV,Financials,0.0061659100496056825,0.5165400637596649,-1.973292129,13.842112800601981
443,TFC,Financials,-0.164632369,0.6932645140446095,-0.413178661,3.926273830463539
444,TWTR,Communication Services,0.5090437402017792,0.6539140232686449,-1.243341798,7.452653831553299
445,TYL,Information Technology,0.366253474338093,0.36440483423677267,0.17674961703680664,2.58813105149901
446,TSN,Consumer Staples,-0.315151211,0.5064730889074789,0.42450656704723816,9.220964811190068
447,UDR,Real Estate,-0.254009645,0.5321994607058123,-0.403652804,5.605269875290412
448,ULTA,Consumer Discretionary,-0.01872979,0.6710300264066877,-0.118631895,10.181057682400645
449,USB,Financials,-0.162430826,0.6062169849206246,-0.0521042,3.558702743094525
450,UAA,Consumer Discretionary,-0.164804108,0.7274281147640458,-0.887589381,2.6337953458217793
451,UA,Consumer Discretionary,-0.19539684,0.6977054412291417,-0.888654239,2.5313707281653244
452,UNP,Industrials,0.13681714339850268,0.4383326046060132,-0.84191564,7.509628616373263
453,UAL,Industrials,-0.724622329,1.086082643987734,-0.498364065,4.7417356096537935
454,UNH,Health Care,0.13667271734831588,0.49987392493413185,-0.598225902,7.954225005256895
455,UPS,Industrials,0.45411593010666385,0.4231648481902086,0.5044996703157425,4.38278046545595
456,URI,Industrials,0.42257118740200106,0.706930422582904,-0.274158805,3.3400109777463456
457,UHS,Health Care,-0.071924362,0.6893253269382483,-0.471618539,8.47095500628204
458,UNM,Financials,-0.261344927,0.8365916322915524,-0.594160096,4.653132693154779
459,VLO,Energy,-0.486254594,0.8187897787630924,0.3936649015067345,5.072570133147904
460,VAR,Health Care,0.1782830467741361,0.47817065871274766,1.0522815605532065,10.347772621938342
461,VTR,Real Estate,-0.154971708,0.9061298070783425,-1.468007972,10.508748908549553
462,VRSN,Information Technology,0.00045380840715602845,0.4113222893473674,0.12549806172637173,6.131300330834085
463,VRSK,Industrials,0.25451635693370933,0.3988130338931515,-0.152599641,6.703459462342616
464,VZ,Communication Services,0.019198097892742755,0.2531048816897573,0.46800901941767536,5.019617257044436
465,VRTX,Health Care,0.005808303210653226,0.487467117705393,-1.74264599,13.769030271565974
466,VFC,Consumer Discretionary,-0.083483707,0.599526592316059,-0.187635194,2.012685856098302
467,VTRS,Health Care,-0.245625793,0.47468868734936476,0.21354248917338878,2.118594706545437
468,V,Information Technology,0.014331423814922067,0.44098749625587136,-0.058653456,6.097363424110325
469,VNO,Real Estate,-0.618680158,0.7345612394067474,-0.346474358,7.659545990563956
470,VMC,Materials,0.035947892916403386,0.5565743248485321,-0.580604638,6.566913711124991
471,WRB,Financials,-0.063431373,0.508884732654436,-0.438166083,5.088712461769607
472,WAB,Industrials,-0.08259054,0.5755639333089841,-0.712602193,4.858858914015349
473,WMT,Consumer Staples,0.26998950099187263,0.3229684332032001,0.8488171178103574,7.861693616773403
474,WBA,Consumer Staples,-0.260322673,0.4985184509999758,-0.049812688,2.228564955541067
475,DIS,Communication Services,0.18962825143230627,0.5042818622493432,0.266900831050458,4.823622495452334
476,WM,Industrials,-0.019722057,0.3625385759631482,-0.633721811,6.4376495571028975
477,WAT,Health Care,0.015774472270123473,0.4126458437848345,0.42390259453121126,3.6958742064515198
478,WEC,Utilities,-0.063143981,0.450521397974569,-1.331279609,14.360995021635397
479,WFC,Financials,-0.503571055,0.634029440033106,-0.172129827,3.0539589372777547
480,WELL,Real Estate,-0.317566678,0.7846355426748243,-0.521990764,7.530227384816785
481,WST,Health Care,0.6030269459260696,0.4054952153116746,0.1562721539532857,3.019771423439014
482,WDC,Information Technology,-0.288348752,0.7089276026742649,-0.972701666,4.861661694701069
483,WU,Information Technology,-0.191630819,0.448162907147502,0.06283265424698241,2.1985313820680963
484,WRK,Materials,0.09165566032665773,0.6915641529268587,-0.386532797,3.2987569450229
485,WY,Real Estate,0.10318927813141411,0.7282880087343909,-0.772161725,8.939620261789894
486,WHR,Consumer Discretionary,0.2609652507867633,0.6405339684656692,0.11590936367184038,10.946098180350551
487,WMB,Energy,-0.025371628,0.6743554243876655,-0.950305471,10.303574171246561
488,WLTW,Financials,0.02376849992347899,0.42111249356671077,0.15050171147027344,5.658095355566749
489,WYNN,Consumer Discretionary,-0.25022789,0.8948277121627315,-0.320987867,4.732951374632136
490,XEL,Utilities,0.005911109458716424,0.40800731558146547,-0.708226502,7.743843371773041
491,XRX,Information Technology,-0.47084344,0.6889315382043236,-0.916763443,3.539151654205682
492,XLNX,Information Technology,0.4039671989327491,0.5018612381025872,0.3544566187752561,2.326237960392315
493,XYL,Industrials,0.2325221040300098,0.478689890927036,-0.18680937,2.8991406478253694
494,YUM,Consumer Discretionary,0.05379499116900867,0.44712526668144614,1.2853094077620562,14.61831618510963
495,ZBRA,Information Technology,0.42721534515093695,0.5155686960158128,-0.525272258,4.439917847184718
496,ZBH,Health Care,0.003836829002487336,0.5166658196632304,0.23744764471732369,3.579970593569578
497,ZION,Financials,-0.13896748,0.6117866127765123,0.6049640774311916,3.947995110625441
498,ZTS,Health Care,0.13894965687894661,0.4075755183484746,-0.618024748,8.821926422045916
